# Blender 5.0.1
# www.blender.org
o Gamecube
v 6.999999 0.000002 -8.000002
v 5.999999 0.000002 -8.000002
v 5.999999 1.000002 -8.000002
v 6.999999 1.000002 -8.000002
v 6.999999 0.000002 -7.000002
v 5.999999 0.000002 -7.000002
v 6.999999 1.000001 -7.000002
v 4.999999 0.000002 -8.000002
v 4.999999 1.000002 -8.000002
v 4.999999 0.000002 -7.000002
v 3.999999 0.000002 -8.000002
v 3.999999 1.000002 -8.000002
v 3.999999 0.000002 -7.000001
v 2.999999 0.000002 -8.000001
v 2.999999 1.000002 -8.000001
v 2.999999 0.000002 -7.000001
v 2.999999 1.000001 -7.000001
v 6.999999 0.000001 -6.000002
v 5.999999 0.000001 -6.000002
v 6.999999 1.000001 -6.000002
v 4.999999 0.000001 -6.000002
v 3.999999 0.000001 -6.000001
v 2.999999 0.000001 -6.000001
v 1.999999 0.000002 -7.000001
v 1.999999 1.000001 -7.000001
v 1.999999 0.000001 -6.000001
v 0.999999 0.000002 -7.000001
v 0.999999 1.000001 -7.000001
v 0.999999 0.000001 -6.000001
v -0.000001 0.000002 -7.000001
v -0.000001 1.000001 -7.000001
v -0.000001 0.000001 -6.000001
v 6.999999 0.000001 -5.000001
v 5.999999 0.000001 -5.000001
v 6.999999 1.000001 -5.000001
v 4.999999 0.000001 -5.000001
v 3.999999 0.000001 -5.000000
v 2.999999 0.000001 -5.000000
v 1.999999 0.000001 -5.000000
v 0.999999 0.000001 -5.000000
v -0.000001 0.000001 -5.000000
v 7.000000 0.000001 -4.000001
v 6.000000 0.000001 -4.000001
v 7.000000 1.000001 -4.000001
v 5.000000 0.000001 -4.000001
v 3.999999 0.000001 -4.000000
v 2.999999 0.000001 -4.000000
v 1.999999 0.000001 -4.000000
v 0.999999 0.000001 -4.000000
v -0.000001 0.000001 -4.000000
v 7.000000 0.000000 -3.000001
v 6.000000 0.000000 -3.000001
v 7.000000 1.000000 -3.000001
v 5.000000 0.000000 -3.000001
v 4.000000 0.000000 -3.000001
v 3.000000 0.000000 -3.000000
v 2.000000 0.000000 -3.000000
v 1.000000 0.000000 -3.000000
v -0.000000 0.000000 -3.000000
v 7.000000 0.000000 -2.000001
v 6.000000 0.000000 -2.000001
v 7.000000 1.000000 -2.000001
v 5.000000 0.000000 -2.000001
v 4.000000 0.000000 -2.000001
v 3.000000 0.000000 -2.000000
v 2.000000 0.000000 -2.000000
v 1.000000 0.000000 -2.000000
v -0.000000 0.000000 -2.000000
v 7.000000 0.000000 -1.000001
v 6.000000 0.000000 -1.000001
v 7.000000 1.000000 -1.000001
v 5.000000 0.000000 -1.000001
v 4.000000 0.000000 -1.000001
v 3.000000 0.000000 -1.000000
v 2.000000 0.000000 -1.000000
v 1.000000 0.000000 -1.000000
v -0.000000 0.000000 -1.000000
v 7.000000 0.000000 -0.000001
v 6.000000 0.000000 -0.000001
v 7.000000 1.000000 -0.000001
v 5.000000 0.000000 -0.000001
v 4.000000 0.000000 -0.000001
v 3.000000 0.000000 -0.000000
v 2.000000 0.000000 -0.000000
v 1.000000 0.000000 -0.000000
v 0.000000 0.000000 0.000000
v 5.999999 2.000002 -8.000002
v 6.999999 2.000002 -8.000002
v 6.999999 2.000001 -7.000001
v 4.999999 2.000002 -8.000002
v 3.999999 2.000002 -8.000001
v 2.999999 2.000002 -8.000001
v 1.999999 1.000002 -8.000001
v 1.999999 2.000002 -8.000001
v 0.999999 1.000002 -8.000001
v 0.999999 2.000002 -8.000001
v -0.000001 1.000002 -8.000001
v -0.000001 2.000002 -8.000001
v 6.999999 2.000001 -6.000001
v 6.999999 2.000001 -5.000001
v 7.000000 2.000001 -4.000001
v 7.000000 2.000001 -3.000001
v 7.000000 2.000000 -2.000001
v 7.000000 2.000000 -1.000001
v 7.000000 2.000000 -0.000001
v 5.999999 3.000003 -8.000002
v 6.999999 3.000003 -8.000002
v 6.999999 3.000001 -7.000001
v 4.999999 3.000003 -8.000002
v 3.999999 3.000003 -8.000001
v 2.999999 3.000003 -8.000001
v 1.999999 3.000003 -8.000001
v 0.999999 3.000003 -8.000001
v -0.000001 3.000003 -8.000001
v 6.999999 3.000001 -6.000001
v 6.999999 3.000001 -5.000001
v 7.000000 3.000001 -4.000001
v 7.000000 3.000001 -3.000001
v 7.000000 3.000001 -2.000001
v 7.000000 3.000001 -1.000001
v 7.000000 3.000000 -0.000001
v 5.999999 4.000001 -8.000001
v 6.999999 4.000001 -8.000001
v 6.999999 4.000001 -7.000001
v 4.999999 4.000001 -8.000000
v 3.999999 4.000001 -8.000000
v 2.999999 4.000001 -8.000000
v 1.999999 4.000001 -8.000000
v 0.999999 4.000001 -8.000000
v -0.000001 4.000001 -8.000000
v 6.999999 4.000001 -6.000001
v 6.999999 4.000001 -5.000001
v 7.000000 4.000001 -4.000001
v 6.000000 4.000001 -4.000000
v 6.000000 4.000001 -3.000001
v 7.000000 4.000001 -3.000001
v 7.000000 4.000001 -2.000001
v 6.000000 4.000001 -2.000001
v 6.000000 4.000000 -1.000001
v 7.000000 4.000000 -1.000001
v 7.000000 4.000000 0.000000
v 5.999999 5.000001 -8.000001
v 6.999999 5.000001 -8.000001
v 6.999999 5.000001 -7.000000
v 4.999999 5.000001 -8.000000
v 3.999999 5.000001 -8.000000
v 2.999999 5.000001 -8.000000
v 1.999999 5.000001 -8.000000
v 0.999999 5.000001 -8.000000
v -0.000001 5.000001 -8.000000
v 6.999999 5.000001 -6.000000
v 6.999999 5.000001 -5.000000
v 7.000000 5.000001 -4.000000
v 6.000000 5.000001 -4.000000
v 6.000000 5.000001 -3.000000
v 7.000000 5.000001 -3.000001
v 7.000000 5.000001 -2.000001
v 6.000000 5.000001 -2.000000
v 6.000000 5.000000 -1.000000
v 7.000000 5.000000 -1.000000
v 6.000000 4.000000 0.000000
v 7.000000 5.000000 0.000000
v 6.000000 5.000000 0.000000
v 4.999999 5.000002 -9.000000
v 3.999999 5.000002 -9.000000
v 3.999999 6.000002 -9.000000
v 4.999999 6.000002 -9.000000
v 4.999999 6.000002 -8.000000
v 2.999999 5.000002 -9.000000
v 2.999999 6.000002 -9.000000
v 1.999999 5.000002 -9.000000
v 1.999999 6.000002 -9.000000
v 0.999999 5.000002 -9.000000
v 0.999999 6.000002 -9.000000
v -0.000001 5.000002 -9.000000
v -0.000001 6.000002 -9.000000
v 5.999999 6.000002 -8.000000
v 6.999999 6.000002 -8.000001
v 6.999999 6.000002 -7.000000
v 6.999999 6.000002 -6.000000
v 6.999999 6.000001 -5.000000
v 7.000000 6.000001 -4.000000
v 6.000000 6.000001 -4.000000
v 6.000000 6.000001 -3.000000
v 7.000000 6.000001 -3.000001
v 7.000000 6.000001 -2.000000
v 6.000000 6.000001 -2.000000
v 6.000000 6.000001 -0.999999
v 7.000000 6.000001 -1.000000
v 7.000000 6.000001 0.000000
v 3.999999 7.000002 -9.000000
v 4.999999 7.000002 -9.000000
v 4.999999 7.000002 -8.000000
v 2.999999 7.000002 -9.000000
v 1.999999 7.000002 -9.000000
v 0.999999 7.000002 -9.000000
v -0.000001 7.000002 -8.999999
v 5.999999 7.000002 -8.000000
v 6.999999 7.000002 -8.000001
v 6.999999 7.000002 -7.000000
v 6.999999 7.000002 -6.000000
v 6.999999 7.000001 -5.000000
v 7.000000 7.000001 -4.000000
v 6.000000 7.000001 -4.000000
v 6.000000 7.000001 -3.000000
v 7.000000 7.000001 -3.000000
v 7.000000 7.000001 -2.000000
v 6.000000 7.000001 -1.999999
v 6.000000 7.000001 -0.999999
v 7.000000 7.000001 -1.000000
v 6.000000 6.000001 0.000001
v 7.000000 7.000001 0.000000
v 6.000000 7.000001 0.000001
v 3.999999 8.000003 -9.000000
v 4.999999 8.000003 -9.000000
v 4.999999 8.000003 -8.000000
v 2.999999 8.000003 -9.000000
v 2.999999 8.000003 -8.000000
v 3.999999 8.000003 -8.000000
v 1.999999 8.000003 -9.000000
v 0.999999 8.000003 -9.000000
v 0.999999 8.000003 -8.000000
v 1.999999 8.000003 -8.000000
v -0.000001 8.000003 -8.999999
v 5.999999 8.000003 -8.000000
v 6.999999 8.000003 -8.000000
v 6.999999 8.000003 -7.000000
v 6.999999 8.000002 -6.000000
v 6.999999 8.000002 -5.000000
v 7.000000 8.000002 -4.000000
v 6.000000 8.000002 -3.999999
v 6.000000 8.000001 -2.999999
v 7.000000 8.000001 -3.000000
v 7.000000 8.000001 -2.000000
v 6.000000 8.000001 -1.999999
v 6.000000 8.000001 -0.999999
v 7.000000 8.000001 -0.999999
v 7.000000 8.000001 0.000001
v 3.999999 9.000003 -9.000000
v 4.999999 9.000003 -9.000000
v 3.999999 9.000003 -8.000000
v 4.999999 9.000003 -8.000000
v 1.999999 9.000003 -9.000000
v 2.999999 9.000003 -9.000000
v 1.999999 9.000003 -8.000000
v 2.999999 9.000003 -8.000000
v -0.000001 9.000003 -8.999999
v 0.999999 9.000003 -8.999999
v 0.999999 9.000003 -8.000000
v 5.999999 9.000003 -8.000000
v 6.999999 9.000003 -8.000000
v 6.999999 9.000003 -7.000000
v 6.999999 9.000002 -6.000000
v 6.999999 9.000002 -5.000000
v 7.000000 9.000002 -4.000000
v 6.000000 9.000002 -3.999999
v 6.000000 9.000001 -2.999999
v 7.000000 9.000001 -3.000000
v 7.000000 9.000001 -1.999999
v 6.000000 9.000001 -1.999999
v 6.000000 9.000001 -0.999999
v 7.000000 9.000001 -0.999999
v 6.000000 8.000001 0.000001
v 7.000000 9.000001 0.000001
v 6.000000 9.000001 0.000001
v 3.999999 10.000003 -9.000000
v 4.999999 10.000003 -9.000000
v 4.999999 10.000003 -8.000000
v 2.999999 10.000003 -9.000000
v 1.999999 10.000003 -9.000000
v 0.999999 10.000003 -8.999999
v -0.000001 10.000003 -8.999999
v 5.999999 10.000003 -8.000000
v 6.999999 10.000003 -8.000000
v 6.999999 10.000003 -7.000000
v 6.999999 10.000002 -6.000000
v 6.999999 10.000002 -5.000000
v 7.000000 10.000002 -3.999999
v 6.000000 10.000002 -3.999999
v 6.000000 10.000001 -2.999999
v 7.000000 10.000001 -2.999999
v 7.000000 10.000001 -1.999999
v 6.000000 10.000001 -1.999999
v 6.000000 10.000001 -0.999999
v 7.000000 10.000001 -0.999999
v 7.000000 10.000001 0.000001
v 3.999999 11.000003 -8.999999
v 4.999999 11.000003 -8.999999
v 3.999999 11.000003 -8.000000
v 4.999999 11.000003 -8.000000
v 2.999999 11.000003 -8.999999
v 2.999999 11.000003 -8.000000
v 1.999999 11.000003 -8.999998
v 1.999999 11.000003 -8.000000
v 0.999999 11.000003 -8.999998
v 0.999999 11.000003 -8.000000
v -0.000001 11.000003 -8.999998
v -0.000001 11.000003 -7.999999
v 5.999999 11.000003 -8.000000
v 6.999999 11.000003 -8.000000
v 6.999999 11.000003 -7.000000
v 6.999999 11.000002 -6.000000
v 6.999999 11.000002 -4.999999
v 7.000000 11.000002 -3.999999
v 6.000000 11.000002 -3.999999
v 6.000000 11.000001 -2.999999
v 7.000000 11.000001 -2.999999
v 7.000000 11.000001 -1.999999
v 6.000000 11.000001 -1.999999
v 6.000000 11.000001 -0.999999
v 7.000000 11.000001 -0.999999
v 6.000000 10.000001 0.000001
v 7.000000 11.000001 0.000001
v 6.000000 11.000001 0.000001
v 5.999999 12.000004 -8.000000
v 6.999999 12.000004 -8.000000
v 6.999999 12.000004 -7.000000
v 4.999999 12.000004 -8.000000
v 3.999999 12.000004 -8.000000
v 2.999999 12.000004 -8.000000
v 1.999999 12.000004 -8.000000
v 0.999999 12.000004 -7.999999
v -0.000001 12.000004 -7.999999
v 6.999999 12.000003 -6.000000
v 6.999999 12.000003 -4.999999
v 7.000000 12.000003 -3.999999
v 7.000000 12.000002 -2.999999
v 7.000000 12.000002 -1.999999
v 7.000000 12.000002 -0.999999
v 7.000000 12.000002 0.000002
v 5.999999 13.000004 -7.999999
v 6.999999 13.000004 -7.999999
v 5.999999 13.000004 -6.999999
v 6.999999 13.000004 -6.999999
v 4.999999 13.000004 -7.999999
v 4.999999 13.000004 -6.999999
v 3.999999 13.000004 -7.999999
v 3.999999 13.000004 -6.999999
v 2.999999 13.000004 -7.999999
v 2.999999 13.000004 -6.999999
v 1.999999 13.000004 -7.999999
v 1.999999 13.000004 -6.999999
v 0.999999 13.000004 -7.999998
v 0.999999 13.000004 -6.999998
v -0.000001 13.000004 -7.999998
v -0.000001 13.000004 -6.999998
v 5.999999 13.000003 -5.999999
v 6.999999 13.000003 -5.999999
v 4.999999 13.000003 -5.999999
v 3.999999 13.000003 -5.999999
v 2.999999 13.000003 -5.999999
v 1.999999 13.000003 -5.999999
v 0.999999 13.000003 -5.999998
v -0.000001 13.000003 -5.999998
v 5.999999 13.000003 -4.999999
v 6.999999 13.000003 -4.999999
v 4.999999 13.000003 -4.999999
v 3.999999 13.000003 -4.999999
v 2.999999 13.000003 -4.999999
v 1.999999 13.000003 -4.999999
v 0.999999 13.000003 -4.999998
v -0.000001 13.000003 -4.999998
v 6.000000 13.000003 -3.999999
v 7.000000 13.000003 -3.999999
v 5.000000 13.000003 -3.999999
v 3.999999 13.000003 -3.999999
v 2.999999 13.000003 -3.999999
v 1.999999 13.000003 -3.999998
v 0.999999 13.000003 -3.999998
v -0.000001 13.000003 -3.999998
v 6.000000 13.000002 -2.999999
v 7.000000 13.000002 -2.999999
v 5.000000 13.000002 -2.999999
v 4.000000 13.000002 -2.999999
v 3.000000 13.000002 -2.999999
v 2.000000 13.000002 -2.999998
v 1.000000 13.000002 -2.999998
v -0.000000 13.000002 -2.999998
v 6.000000 13.000002 -1.999998
v 7.000000 13.000002 -1.999998
v 5.000000 13.000002 -1.999998
v 4.000000 13.000002 -1.999998
v 3.000000 13.000002 -1.999997
v 2.000000 13.000002 -1.999997
v 1.000000 13.000002 -1.999997
v -0.000000 13.000002 -1.999997
v 6.000000 13.000002 -0.999998
v 7.000000 13.000002 -0.999998
v 5.000000 13.000002 -0.999998
v 4.000000 13.000002 -0.999998
v 3.000000 13.000002 -0.999997
v 2.000000 13.000002 -0.999997
v 1.000000 13.000002 -0.999997
v -0.000000 13.000002 -0.999997
v 6.000000 13.000002 0.000002
v 7.000000 13.000002 0.000002
v 5.000000 13.000002 0.000002
v 4.000000 13.000002 0.000002
v 3.000000 13.000002 0.000003
v 2.000000 13.000002 0.000003
v 1.000000 13.000002 0.000003
v 0.000000 13.000002 0.000003
v -3.000001 0.000002 -8.000001
v -4.000001 0.000002 -8.000000
v -4.000001 1.000002 -8.000000
v -3.000001 1.000002 -8.000000
v -3.000001 0.000002 -7.000000
v -4.000001 0.000002 -7.000000
v -3.000001 1.000001 -7.000000
v -5.000001 0.000002 -8.000000
v -5.000001 1.000002 -8.000000
v -5.000001 0.000002 -7.000000
v -6.000001 0.000002 -8.000000
v -6.000001 1.000002 -8.000000
v -6.000001 0.000002 -7.000000
v -7.000001 0.000002 -8.000000
v -7.000001 1.000002 -8.000000
v -7.000001 0.000002 -7.000000
v -7.000001 1.000001 -7.000000
v -1.000001 0.000002 -7.000001
v -1.000001 1.000001 -7.000001
v -1.000001 0.000001 -6.000001
v -2.000001 0.000002 -7.000000
v -2.000001 1.000001 -7.000000
v -2.000001 0.000001 -6.000000
v -3.000001 0.000001 -6.000000
v -4.000001 0.000001 -6.000000
v -5.000001 0.000001 -6.000000
v -6.000001 0.000001 -6.000000
v -7.000001 0.000001 -6.000000
v -7.000001 1.000001 -6.000000
v -1.000001 0.000001 -5.000000
v -2.000001 0.000001 -5.000000
v -3.000001 0.000001 -5.000000
v -4.000001 0.000001 -5.000000
v -5.000001 0.000001 -4.999999
v -6.000001 0.000001 -4.999999
v -7.000001 0.000001 -4.999999
v -7.000001 1.000001 -4.999999
v -1.000001 0.000001 -4.000000
v -2.000001 0.000001 -4.000000
v -3.000001 0.000001 -4.000000
v -4.000000 0.000001 -3.999999
v -5.000000 0.000001 -3.999999
v -6.000000 0.000001 -3.999999
v -7.000000 0.000001 -3.999999
v -7.000000 1.000001 -3.999999
v -1.000000 0.000000 -3.000000
v -2.000000 0.000000 -3.000000
v -3.000000 0.000000 -3.000000
v -4.000000 0.000000 -2.999999
v -5.000000 0.000000 -2.999999
v -6.000000 0.000000 -2.999999
v -7.000000 0.000000 -2.999999
v -7.000000 1.000000 -2.999999
v -1.000000 0.000000 -2.000000
v -2.000000 0.000000 -2.000000
v -3.000000 0.000000 -2.000000
v -4.000000 0.000000 -1.999999
v -5.000000 0.000000 -1.999999
v -6.000000 0.000000 -1.999999
v -7.000000 0.000000 -1.999999
v -7.000000 1.000000 -1.999999
v -1.000000 0.000000 -1.000000
v -2.000000 0.000000 -1.000000
v -3.000000 0.000000 -1.000000
v -4.000000 0.000000 -0.999999
v -5.000000 0.000000 -0.999999
v -6.000000 0.000000 -0.999999
v -7.000000 0.000000 -0.999999
v -7.000000 1.000000 -0.999999
v -1.000000 0.000000 0.000000
v -2.000000 0.000000 0.000000
v -3.000000 0.000000 0.000000
v -4.000000 0.000000 0.000001
v -5.000000 0.000000 0.000001
v -6.000000 0.000000 0.000001
v -7.000000 0.000000 0.000001
v -7.000000 1.000000 0.000001
v -1.000001 1.000002 -8.000001
v -1.000001 2.000002 -8.000001
v -2.000001 1.000002 -8.000001
v -2.000001 2.000002 -8.000001
v -3.000001 2.000002 -8.000000
v -4.000001 2.000002 -8.000000
v -5.000001 2.000002 -8.000000
v -6.000001 2.000002 -8.000000
v -7.000001 2.000002 -8.000000
v -7.000001 2.000001 -6.999999
v -7.000001 2.000001 -5.999999
v -7.000001 2.000001 -4.999999
v -7.000000 2.000001 -3.999999
v -7.000000 2.000001 -2.999999
v -7.000000 2.000000 -1.999999
v -7.000000 2.000000 -0.999999
v -7.000000 2.000000 0.000001
v -1.000001 3.000003 -8.000001
v -2.000001 3.000003 -8.000000
v -3.000001 3.000003 -8.000000
v -4.000001 3.000003 -8.000000
v -5.000001 3.000003 -8.000000
v -6.000001 3.000003 -8.000000
v -7.000001 3.000003 -8.000000
v -7.000001 3.000001 -6.999999
v -7.000001 3.000001 -5.999999
v -7.000001 3.000001 -4.999999
v -7.000000 3.000001 -3.999999
v -7.000000 3.000001 -2.999999
v -7.000000 3.000001 -1.999999
v -7.000000 3.000001 -0.999999
v -7.000000 3.000000 0.000001
v -1.000001 4.000001 -8.000000
v -2.000001 4.000001 -8.000000
v -3.000001 4.000001 -7.999999
v -4.000001 4.000001 -7.999999
v -5.000001 4.000001 -7.999999
v -6.000001 4.000001 -7.999999
v -7.000001 4.000001 -7.999999
v -7.000001 4.000001 -6.999999
v -7.000001 4.000001 -5.999999
v -7.000001 4.000001 -4.999999
v -7.000000 4.000001 -3.999999
v -7.000000 4.000001 -2.999999
v -6.000000 4.000001 -2.999999
v -6.000000 4.000001 -3.999999
v -7.000000 4.000001 -1.999999
v -7.000000 4.000000 -0.999999
v -6.000000 4.000000 -0.999999
v -6.000000 4.000001 -1.999999
v -7.000000 4.000000 0.000002
v -1.000001 5.000001 -8.000000
v -2.000001 5.000001 -8.000000
v -3.000001 5.000001 -7.999999
v -4.000001 5.000001 -7.999999
v -5.000001 5.000001 -7.999999
v -6.000001 5.000001 -7.999999
v -7.000001 5.000001 -7.999999
v -7.000001 5.000001 -6.999999
v -7.000001 5.000001 -5.999999
v -7.000001 5.000001 -4.999999
v -6.000000 5.000001 -3.999999
v -7.000000 5.000001 -3.999999
v -6.000000 5.000001 -2.999999
v -7.000000 5.000001 -2.999999
v -6.000000 5.000001 -1.999999
v -7.000000 5.000001 -1.999999
v -6.000000 5.000000 -0.999998
v -7.000000 5.000000 -0.999998
v -6.000000 4.000000 0.000002
v -6.000000 5.000000 0.000002
v -7.000000 5.000000 0.000002
v -1.000001 5.000002 -8.999999
v -1.000001 6.000002 -8.999999
v -2.000001 5.000002 -8.999999
v -2.000001 6.000002 -8.999999
v -3.000001 5.000002 -8.999999
v -3.000001 6.000002 -8.999999
v -4.000001 5.000002 -8.999999
v -4.000001 6.000002 -8.999999
v -5.000001 5.000002 -8.999999
v -5.000001 6.000002 -8.999999
v -5.000001 6.000002 -7.999999
v -6.000001 6.000002 -7.999999
v -7.000001 6.000002 -7.999999
v -7.000001 6.000002 -6.999999
v -7.000001 6.000002 -5.999999
v -7.000001 6.000001 -4.999999
v -7.000000 6.000001 -3.999999
v -7.000000 6.000001 -2.999999
v -6.000000 6.000001 -2.999999
v -6.000000 6.000001 -3.999999
v -7.000000 6.000001 -1.999997
v -7.000000 6.000001 -0.999997
v -6.000000 6.000001 -0.999998
v -6.000000 6.000001 -1.999998
v -7.000000 6.000001 0.000003
v -1.000001 7.000002 -8.999999
v -2.000001 7.000002 -8.999999
v -3.000001 7.000002 -8.999999
v -4.000001 7.000002 -8.999999
v -5.000001 7.000002 -8.999999
v -5.000001 7.000002 -7.999999
v -6.000001 7.000002 -7.999999
v -7.000001 7.000002 -7.999999
v -7.000001 7.000002 -6.999999
v -7.000001 7.000002 -5.999999
v -7.000001 7.000001 -4.999999
v -6.000000 7.000001 -3.999999
v -7.000000 7.000001 -3.999998
v -6.000000 7.000001 -2.999999
v -7.000000 7.000001 -2.999998
v -6.000000 7.000001 -1.999998
v -7.000000 7.000001 -1.999997
v -6.000000 7.000001 -0.999998
v -7.000000 7.000001 -0.999997
v -6.000000 6.000001 0.000002
v -6.000000 7.000001 0.000002
v -7.000000 7.000001 0.000003
v -1.000001 8.000003 -8.999999
v -2.000001 8.000003 -8.999999
v -2.000001 8.000003 -7.999999
v -1.000001 8.000003 -7.999999
v -3.000001 8.000003 -8.999999
v -4.000001 8.000003 -8.999999
v -4.000001 8.000003 -7.999999
v -3.000001 8.000003 -7.999999
v -5.000001 8.000003 -8.999999
v -5.000001 8.000003 -7.999999
v -6.000001 8.000003 -7.999999
v -7.000001 8.000003 -7.999999
v -7.000001 8.000003 -6.999999
v -7.000001 8.000002 -5.999999
v -7.000001 8.000002 -4.999999
v -7.000000 8.000002 -3.999997
v -7.000000 8.000001 -2.999997
v -6.000000 8.000001 -2.999998
v -6.000000 8.000002 -3.999998
v -7.000000 8.000001 -1.999997
v -7.000000 8.000001 -0.999997
v -6.000000 8.000001 -0.999997
v -6.000000 8.000001 -1.999997
v -7.000000 8.000001 0.000003
v -1.000001 9.000003 -8.999999
v -1.000001 9.000003 -7.999999
v -3.000001 9.000003 -8.999999
v -2.000001 9.000003 -8.999999
v -3.000001 9.000003 -7.999999
v -2.000001 9.000003 -7.999999
v -5.000001 9.000003 -8.999998
v -4.000001 9.000003 -8.999999
v -5.000001 9.000003 -7.999999
v -4.000001 9.000003 -7.999999
v -6.000001 9.000003 -7.999999
v -7.000001 9.000003 -7.999998
v -7.000001 9.000003 -6.999998
v -7.000001 9.000002 -5.999998
v -7.000001 9.000002 -4.999997
v -6.000000 9.000002 -3.999997
v -7.000000 9.000002 -3.999997
v -6.000000 9.000001 -2.999997
v -7.000000 9.000001 -2.999997
v -6.000000 9.000001 -1.999997
v -7.000000 9.000001 -1.999997
v -6.000000 9.000001 -0.999997
v -7.000000 9.000001 -0.999997
v -6.000000 8.000001 0.000003
v -6.000000 9.000001 0.000003
v -7.000000 9.000001 0.000003
v -1.000001 10.000003 -8.999999
v -2.000001 10.000003 -8.999999
v -3.000001 10.000003 -8.999999
v -4.000001 10.000003 -8.999999
v -5.000001 10.000003 -8.999998
v -5.000001 10.000003 -7.999999
v -6.000001 10.000003 -7.999999
v -7.000001 10.000003 -7.999998
v -7.000001 10.000003 -6.999998
v -7.000001 10.000002 -5.999998
v -7.000001 10.000002 -4.999997
v -7.000000 10.000002 -3.999997
v -7.000000 10.000001 -2.999997
v -6.000000 10.000001 -2.999997
v -6.000000 10.000002 -3.999997
v -7.000000 10.000001 -1.999997
v -7.000000 10.000001 -0.999997
v -6.000000 10.000001 -0.999997
v -6.000000 10.000001 -1.999997
v -7.000000 10.000001 0.000003
v -1.000001 11.000003 -8.999998
v -1.000001 11.000003 -7.999999
v -2.000001 11.000003 -8.999998
v -2.000001 11.000003 -7.999999
v -3.000001 11.000003 -8.999998
v -3.000001 11.000003 -7.999999
v -4.000001 11.000003 -8.999997
v -4.000001 11.000003 -7.999999
v -5.000001 11.000003 -8.999997
v -5.000001 11.000003 -7.999999
v -6.000001 11.000003 -7.999998
v -7.000001 11.000003 -7.999998
v -7.000001 11.000003 -6.999998
v -7.000001 11.000002 -5.999998
v -7.000001 11.000002 -4.999997
v -6.000000 11.000002 -3.999997
v -7.000000 11.000002 -3.999997
v -6.000000 11.000001 -2.999997
v -7.000000 11.000001 -2.999997
v -6.000000 11.000001 -1.999997
v -7.000000 11.000001 -1.999997
v -6.000000 11.000001 -0.999997
v -7.000000 11.000001 -0.999997
v -6.000000 10.000001 0.000003
v -6.000000 11.000001 0.000003
v -7.000000 11.000001 0.000003
v -1.000001 12.000004 -7.999999
v -2.000001 12.000004 -7.999999
v -3.000001 12.000004 -7.999999
v -4.000001 12.000004 -7.999999
v -5.000001 12.000004 -7.999999
v -6.000001 12.000004 -7.999998
v -7.000001 12.000004 -7.999998
v -7.000001 12.000004 -6.999998
v -7.000001 12.000003 -5.999998
v -7.000001 12.000003 -4.999997
v -7.000000 12.000003 -3.999997
v -7.000000 12.000002 -2.999997
v -7.000000 12.000002 -1.999997
v -7.000000 12.000002 -0.999997
v -7.000000 12.000002 0.000004
v -1.000001 13.000004 -7.999998
v -1.000001 13.000004 -6.999998
v -2.000001 13.000004 -7.999998
v -2.000001 13.000004 -6.999998
v -3.000001 13.000004 -7.999998
v -3.000001 13.000004 -6.999998
v -4.000001 13.000004 -7.999998
v -4.000001 13.000004 -6.999998
v -5.000001 13.000004 -7.999997
v -5.000001 13.000004 -6.999997
v -6.000001 13.000004 -7.999997
v -6.000001 13.000004 -6.999997
v -7.000001 13.000004 -7.999997
v -7.000001 13.000004 -6.999997
v -1.000001 13.000003 -5.999998
v -2.000001 13.000003 -5.999998
v -3.000001 13.000003 -5.999998
v -4.000001 13.000003 -5.999998
v -5.000001 13.000003 -5.999997
v -6.000001 13.000003 -5.999997
v -7.000001 13.000003 -5.999997
v -1.000001 13.000003 -4.999998
v -2.000001 13.000003 -4.999998
v -3.000001 13.000003 -4.999998
v -4.000001 13.000003 -4.999998
v -5.000001 13.000003 -4.999997
v -6.000001 13.000003 -4.999997
v -7.000001 13.000003 -4.999997
v -1.000001 13.000003 -3.999998
v -2.000001 13.000003 -3.999998
v -3.000001 13.000003 -3.999998
v -4.000000 13.000003 -3.999997
v -5.000000 13.000003 -3.999997
v -6.000000 13.000003 -3.999997
v -7.000000 13.000003 -3.999997
v -1.000000 13.000002 -2.999998
v -2.000000 13.000002 -2.999998
v -3.000000 13.000002 -2.999998
v -4.000000 13.000002 -2.999997
v -5.000000 13.000002 -2.999997
v -6.000000 13.000002 -2.999997
v -7.000000 13.000002 -2.999997
v -1.000000 13.000002 -1.999997
v -2.000000 13.000002 -1.999997
v -3.000000 13.000002 -1.999997
v -4.000000 13.000002 -1.999996
v -5.000000 13.000002 -1.999996
v -6.000000 13.000002 -1.999996
v -7.000000 13.000002 -1.999996
v -1.000000 13.000002 -0.999997
v -2.000000 13.000002 -0.999997
v -3.000000 13.000002 -0.999997
v -4.000000 13.000002 -0.999996
v -5.000000 13.000002 -0.999996
v -6.000000 13.000002 -0.999996
v -7.000000 13.000002 -0.999996
v -1.000000 13.000002 0.000003
v -2.000000 13.000002 0.000003
v -3.000000 13.000002 0.000003
v -4.000000 13.000002 0.000004
v -5.000000 13.000002 0.000004
v -6.000000 13.000002 0.000004
v -7.000000 13.000002 0.000004
v 7.000000 -0.000000 0.999999
v 6.000000 -0.000000 0.999999
v 7.000000 1.000000 0.999999
v 5.000000 -0.000000 0.999999
v 4.000000 -0.000000 0.999999
v 3.000000 -0.000000 1.000000
v 2.000000 -0.000000 1.000000
v 1.000000 -0.000000 1.000000
v 0.000000 -0.000000 1.000000
v 7.000000 -0.000000 1.999999
v 6.000000 -0.000000 1.999999
v 7.000000 1.000000 1.999999
v 5.000000 -0.000000 1.999999
v 4.000000 -0.000000 1.999999
v 3.000000 -0.000000 2.000000
v 2.000000 -0.000000 2.000000
v 1.000000 -0.000000 2.000000
v 0.000000 -0.000000 2.000000
v 7.000000 -0.000000 2.999999
v 6.000000 -0.000000 2.999999
v 7.000000 1.000000 3.000000
v 5.000000 -0.000000 2.999999
v 4.000000 -0.000000 2.999999
v 3.000000 -0.000000 3.000000
v 2.000000 -0.000000 3.000000
v 1.000000 -0.000000 3.000000
v 0.000000 -0.000000 3.000000
v 7.000000 -0.000001 3.999999
v 6.000000 -0.000001 3.999999
v 7.000000 1.000000 3.999999
v 5.000000 -0.000001 3.999999
v 4.000000 -0.000001 3.999999
v 3.000001 -0.000001 4.000000
v 2.000001 -0.000001 4.000000
v 1.000001 -0.000001 4.000000
v 0.000001 -0.000001 4.000000
v 7.000001 -0.000001 4.999999
v 6.000001 -0.000001 4.999999
v 7.000001 0.999999 4.999999
v 5.000001 -0.000001 4.999999
v 4.000001 -0.000001 5.000000
v 3.000001 -0.000001 5.000000
v 2.000001 -0.000001 5.000000
v 1.000001 -0.000001 5.000000
v 0.000001 -0.000001 5.000000
v 6.000001 -0.000001 6.000000
v 7.000001 -0.000001 6.000000
v 7.000001 0.999999 6.000000
v 6.000001 0.999999 6.000000
v 5.000001 -0.000001 6.000000
v 5.000001 0.999999 6.000000
v 4.000001 -0.000001 6.000000
v 4.000001 0.999999 6.000000
v 3.000001 -0.000001 6.000000
v 3.000001 0.999999 6.000000
v 2.000001 -0.000001 6.000000
v 2.000001 0.999999 6.000001
v 1.000001 -0.000001 6.000001
v 1.000001 0.999999 6.000001
v 0.000001 -0.000001 6.000001
v 0.000001 0.999999 6.000001
v 7.000000 2.000000 0.999999
v 7.000000 2.000000 1.999999
v 7.000000 2.000000 3.000000
v 7.000000 2.000000 4.000000
v 7.000001 2.000000 5.000000
v 7.000001 1.999999 6.000000
v 6.000001 1.999999 6.000000
v 5.000001 1.999999 6.000000
v 4.000001 1.999999 6.000000
v 3.000001 1.999999 6.000000
v 2.000001 1.999999 6.000001
v 1.000001 1.999999 6.000001
v 0.000001 1.999999 6.000001
v 7.000000 3.000000 0.999999
v 7.000000 3.000000 2.000000
v 7.000000 3.000000 3.000000
v 7.000000 3.000000 4.000000
v 7.000001 3.000000 5.000000
v 7.000001 3.000000 6.000000
v 6.000001 3.000000 6.000000
v 5.000001 3.000000 6.000000
v 4.000001 3.000000 6.000000
v 4.000001 3.000000 5.000000
v 5.000001 3.000000 5.000000
v 3.000001 3.000000 6.000001
v 3.000001 3.000000 5.000001
v 2.000001 3.000000 6.000001
v 2.000001 3.000000 5.000001
v 1.000001 3.000000 6.000001
v 1.000001 3.000000 5.000001
v 0.000001 3.000000 6.000001
v 0.000001 3.000000 5.000001
v 6.000000 4.000000 1.000000
v 7.000000 4.000000 1.000000
v 7.000000 4.000000 2.000000
v 6.000000 4.000000 2.000000
v 6.000000 4.000000 3.000000
v 7.000000 4.000000 3.000000
v 7.000000 4.000000 4.000000
v 7.000001 4.000000 5.000000
v 5.000001 4.000000 5.000000
v 4.000001 4.000000 5.000000
v 3.000001 4.000000 5.000001
v 2.000001 4.000000 5.000001
v 1.000001 4.000000 5.000001
v 0.000001 4.000000 5.000001
v 7.000001 4.000000 6.000000
v 6.000001 4.000000 6.000000
v 5.000001 4.000000 6.000000
v 6.000000 5.000000 1.000000
v 7.000000 5.000000 1.000000
v 7.000000 5.000000 2.000000
v 6.000000 5.000000 2.000000
v 6.000000 5.000000 3.000000
v 7.000000 5.000000 3.000000
v 7.000000 5.000000 4.000000
v 7.000001 5.000000 5.000000
v 5.000001 5.000000 5.000000
v 4.000001 5.000000 5.000001
v 3.000001 5.000000 5.000001
v 2.000001 5.000000 5.000001
v 1.000001 5.000000 5.000001
v 0.000001 5.000000 5.000001
v 7.000001 5.000000 6.000000
v 6.000001 5.000000 6.000000
v 5.000001 5.000000 6.000000
v 6.000000 6.000001 1.000000
v 7.000000 6.000001 1.000000
v 7.000000 6.000000 2.000000
v 6.000000 6.000000 2.000000
v 6.000000 6.000000 3.000000
v 7.000000 6.000000 3.000000
v 7.000000 6.000000 4.000000
v 7.000001 6.000000 5.000000
v 5.000001 6.000000 5.000000
v 4.000001 6.000000 5.000001
v 3.000001 6.000000 5.000001
v 2.000001 6.000000 5.000001
v 1.000001 6.000000 5.000001
v 0.000001 6.000000 5.000001
v 7.000001 6.000000 6.000001
v 6.000001 6.000000 6.000001
v 5.000001 6.000000 6.000001
v 6.000000 7.000001 1.000001
v 7.000000 7.000001 1.000000
v 7.000000 7.000000 2.000000
v 6.000000 7.000000 2.000000
v 6.000000 7.000000 3.000000
v 7.000000 7.000000 3.000000
v 7.000000 7.000000 4.000000
v 7.000001 7.000000 5.000000
v 7.000001 7.000000 6.000001
v 6.000001 7.000000 6.000001
v 5.000001 7.000000 6.000002
v 4.000001 6.000000 6.000002
v 4.000001 7.000000 6.000002
v 3.000001 6.000000 6.000002
v 3.000001 7.000000 6.000002
v 2.000001 6.000000 6.000002
v 2.000001 7.000000 6.000002
v 1.000001 6.000000 6.000002
v 1.000001 7.000000 6.000002
v 0.000001 6.000000 6.000002
v 0.000001 7.000000 6.000002
v 6.000000 8.000001 1.000001
v 7.000000 8.000001 1.000000
v 7.000000 8.000001 2.000000
v 6.000000 8.000001 2.000001
v 6.000000 8.000001 3.000002
v 7.000000 8.000001 3.000001
v 7.000000 8.000000 4.000000
v 7.000001 8.000000 5.000000
v 7.000001 8.000000 6.000001
v 6.000001 8.000000 6.000001
v 5.000001 8.000000 6.000002
v 4.000001 8.000000 6.000002
v 3.000001 8.000000 6.000002
v 2.000001 8.000000 6.000002
v 1.000001 8.000000 6.000002
v 0.000001 8.000000 6.000002
v 6.000000 9.000001 1.000001
v 7.000000 9.000001 1.000001
v 7.000000 9.000001 2.000000
v 6.000000 9.000001 2.000001
v 6.000000 9.000001 3.000002
v 7.000000 9.000001 3.000001
v 7.000000 9.000000 4.000001
v 7.000001 9.000000 5.000001
v 7.000001 9.000000 6.000001
v 6.000001 9.000000 6.000002
v 5.000001 9.000000 6.000002
v 4.000001 9.000000 6.000002
v 3.000001 9.000000 6.000002
v 2.000001 9.000000 6.000002
v 1.000001 9.000000 6.000002
v 0.000001 9.000000 6.000002
v 6.000000 10.000001 1.000001
v 7.000000 10.000001 1.000001
v 7.000000 10.000001 2.000002
v 6.000000 10.000001 2.000002
v 6.000000 10.000001 3.000002
v 7.000000 10.000001 3.000002
v 7.000000 10.000000 4.000001
v 7.000001 10.000000 5.000001
v 7.000001 10.000000 6.000001
v 6.000001 10.000000 6.000002
v 5.000001 10.000000 6.000002
v 4.000001 10.000000 6.000002
v 3.000001 10.000000 6.000002
v 2.000001 10.000000 6.000002
v 1.000001 10.000000 6.000002
v 0.000001 10.000000 6.000003
v 6.000000 11.000001 1.000002
v 7.000000 11.000001 1.000002
v 7.000000 11.000001 2.000002
v 6.000000 11.000001 2.000002
v 6.000000 11.000001 3.000002
v 7.000000 11.000001 3.000002
v 7.000000 11.000000 4.000002
v 7.000001 11.000000 5.000002
v 7.000001 11.000000 6.000002
v 6.000001 11.000000 6.000002
v 5.000001 11.000000 6.000002
v 4.000001 11.000000 6.000002
v 3.000001 11.000000 6.000002
v 2.000001 11.000000 6.000002
v 1.000001 11.000000 6.000002
v 0.000001 11.000000 6.000003
v 7.000000 12.000002 1.000002
v 7.000000 12.000002 2.000002
v 7.000000 12.000002 3.000002
v 7.000000 12.000001 4.000002
v 7.000001 12.000001 5.000002
v 7.000001 12.000001 6.000002
v 6.000001 12.000001 6.000002
v 5.000001 12.000001 6.000002
v 4.000001 12.000001 6.000002
v 3.000001 12.000001 6.000002
v 2.000001 12.000001 6.000002
v 1.000001 12.000001 6.000003
v 0.000001 12.000001 6.000003
v 6.000000 13.000002 1.000002
v 7.000000 13.000002 1.000002
v 5.000000 13.000002 1.000002
v 4.000000 13.000002 1.000002
v 3.000000 13.000002 1.000003
v 2.000000 13.000002 1.000003
v 1.000000 13.000002 1.000003
v 0.000000 13.000002 1.000003
v 6.000000 13.000002 2.000002
v 7.000000 13.000002 2.000002
v 5.000000 13.000002 2.000002
v 4.000000 13.000002 2.000002
v 3.000000 13.000002 2.000002
v 2.000000 13.000002 2.000003
v 1.000000 13.000002 2.000003
v 0.000000 13.000002 2.000003
v 6.000000 13.000002 3.000002
v 7.000000 13.000002 3.000002
v 5.000000 13.000002 3.000002
v 4.000000 13.000002 3.000002
v 3.000000 13.000002 3.000002
v 2.000000 13.000002 3.000003
v 1.000000 13.000002 3.000003
v 0.000000 13.000002 3.000003
v 6.000000 13.000001 4.000002
v 7.000000 13.000001 4.000002
v 5.000000 13.000001 4.000002
v 4.000000 13.000001 4.000002
v 3.000001 13.000001 4.000002
v 2.000001 13.000001 4.000002
v 1.000001 13.000001 4.000003
v 0.000001 13.000001 4.000003
v 6.000001 13.000001 5.000002
v 7.000001 13.000001 5.000002
v 5.000001 13.000001 5.000002
v 4.000001 13.000001 5.000002
v 3.000001 13.000001 5.000002
v 2.000001 13.000001 5.000002
v 1.000001 13.000001 5.000003
v 0.000001 13.000001 5.000003
v 7.000001 13.000001 6.000003
v 6.000001 13.000001 6.000003
v 5.000001 13.000001 6.000003
v 4.000001 13.000001 6.000003
v 3.000001 13.000001 6.000003
v 2.000001 13.000001 6.000003
v 1.000001 13.000001 6.000004
v 0.000001 13.000001 6.000004
v -1.000000 -0.000000 1.000000
v -2.000000 -0.000000 1.000000
v -3.000000 -0.000000 1.000000
v -4.000000 -0.000000 1.000001
v -5.000000 -0.000000 1.000001
v -6.000000 -0.000000 1.000001
v -7.000000 -0.000000 1.000001
v -7.000000 1.000000 1.000001
v -1.000000 -0.000000 2.000000
v -2.000000 -0.000000 2.000000
v -3.000000 -0.000000 2.000000
v -4.000000 -0.000000 2.000001
v -5.000000 -0.000000 2.000001
v -6.000000 -0.000000 2.000001
v -7.000000 -0.000000 2.000001
v -7.000000 1.000000 2.000001
v -1.000000 -0.000000 3.000000
v -2.000000 -0.000000 3.000000
v -3.000000 -0.000000 3.000000
v -4.000000 -0.000000 3.000001
v -5.000000 -0.000000 3.000001
v -6.000000 -0.000000 3.000001
v -7.000000 -0.000000 3.000001
v -7.000000 1.000000 3.000002
v -0.999999 -0.000001 4.000000
v -1.999999 -0.000001 4.000000
v -2.999999 -0.000001 4.000000
v -3.999999 -0.000001 4.000000
v -5.000000 -0.000001 4.000001
v -6.000000 -0.000001 4.000001
v -7.000000 -0.000001 4.000001
v -7.000000 1.000000 4.000001
v -0.999999 -0.000001 5.000000
v -1.999999 -0.000001 5.000000
v -2.999999 -0.000001 5.000000
v -3.999999 -0.000001 5.000000
v -4.999999 -0.000001 5.000001
v -5.999999 -0.000001 5.000001
v -6.999999 -0.000001 5.000001
v -6.999999 0.999999 5.000001
v -0.999999 -0.000001 6.000001
v -0.999999 0.999999 6.000001
v -1.999999 -0.000001 6.000001
v -1.999999 0.999999 6.000001
v -2.999999 -0.000001 6.000001
v -2.999999 0.999999 6.000001
v -3.999999 -0.000001 6.000001
v -3.999999 0.999999 6.000001
v -4.999999 -0.000001 6.000002
v -4.999999 0.999999 6.000002
v -5.999999 -0.000001 6.000002
v -5.999999 0.999999 6.000002
v -6.999999 -0.000001 6.000002
v -6.999999 0.999999 6.000002
v -7.000000 2.000000 1.000001
v -7.000000 2.000000 2.000001
v -7.000000 2.000000 3.000002
v -7.000000 2.000000 4.000002
v -6.999999 2.000000 5.000002
v -0.999999 1.999999 6.000001
v -1.999999 1.999999 6.000001
v -2.999999 1.999999 6.000001
v -3.999999 1.999999 6.000002
v -4.999999 1.999999 6.000002
v -5.999999 1.999999 6.000002
v -6.999999 1.999999 6.000002
v -7.000000 3.000000 1.000001
v -7.000000 3.000000 2.000002
v -7.000000 3.000000 3.000002
v -7.000000 3.000000 4.000002
v -6.999999 3.000000 5.000002
v -0.999999 3.000000 6.000001
v -0.999999 3.000000 5.000001
v -1.999999 3.000000 6.000001
v -1.999999 3.000000 5.000001
v -2.999999 3.000000 6.000001
v -2.999999 3.000000 5.000001
v -3.999999 3.000000 6.000002
v -3.999999 3.000000 5.000002
v -4.999999 3.000000 6.000002
v -4.999999 3.000000 5.000002
v -5.999999 3.000000 6.000002
v -6.999999 3.000000 6.000002
v -7.000000 4.000000 1.000002
v -6.000000 4.000000 1.000002
v -7.000000 4.000000 2.000002
v -7.000000 4.000000 3.000002
v -6.000000 4.000000 3.000002
v -6.000000 4.000000 2.000002
v -7.000000 4.000000 4.000002
v -0.999999 4.000000 5.000001
v -1.999999 4.000000 5.000001
v -2.999999 4.000000 5.000002
v -3.999999 4.000000 5.000002
v -4.999999 4.000000 5.000002
v -6.999999 4.000000 5.000002
v -4.999999 4.000000 6.000002
v -5.999999 4.000000 6.000002
v -6.999999 4.000000 6.000002
v -6.000000 5.000000 1.000002
v -7.000000 5.000000 1.000002
v -6.000000 5.000000 2.000002
v -7.000000 5.000000 2.000002
v -6.000000 5.000000 3.000002
v -7.000000 5.000000 3.000002
v -7.000000 5.000000 4.000002
v -0.999999 5.000000 5.000001
v -1.999999 5.000000 5.000001
v -2.999999 5.000000 5.000002
v -3.999999 5.000000 5.000002
v -4.999999 5.000000 5.000002
v -6.999999 5.000000 5.000002
v -4.999999 5.000000 6.000002
v -5.999999 5.000000 6.000002
v -6.999999 5.000000 6.000002
v -7.000000 6.000001 1.000003
v -6.000000 6.000001 1.000002
v -7.000000 6.000000 2.000002
v -7.000000 6.000000 3.000002
v -6.000000 6.000000 3.000002
v -6.000000 6.000000 2.000002
v -7.000000 6.000000 4.000002
v -0.999999 6.000000 5.000001
v -1.999999 6.000000 5.000002
v -2.999999 6.000000 5.000002
v -3.999999 6.000000 5.000002
v -4.999999 6.000000 5.000002
v -6.999999 6.000000 5.000002
v -4.999999 6.000000 6.000003
v -5.999999 6.000000 6.000003
v -6.999999 6.000000 6.000003
v -6.000000 7.000001 1.000002
v -7.000000 7.000001 1.000003
v -6.000000 7.000000 2.000002
v -7.000000 7.000000 2.000003
v -6.000000 7.000000 3.000002
v -7.000000 7.000000 3.000003
v -7.000000 7.000000 4.000002
v -6.999999 7.000000 5.000002
v -0.999999 6.000000 6.000002
v -0.999999 7.000000 6.000002
v -1.999999 6.000000 6.000003
v -1.999999 7.000000 6.000003
v -2.999999 6.000000 6.000003
v -2.999999 7.000000 6.000003
v -3.999999 6.000000 6.000003
v -3.999999 7.000000 6.000003
v -4.999999 7.000000 6.000003
v -5.999999 7.000000 6.000003
v -6.999999 7.000000 6.000003
v -7.000000 8.000001 1.000003
v -6.000000 8.000001 1.000003
v -7.000000 8.000001 2.000003
v -7.000000 8.000001 3.000004
v -6.000000 8.000001 3.000003
v -6.000000 8.000001 2.000002
v -7.000000 8.000000 4.000002
v -6.999999 8.000000 5.000002
v -0.999999 8.000000 6.000003
v -1.999999 8.000000 6.000003
v -2.999999 8.000000 6.000003
v -3.999999 8.000000 6.000003
v -4.999999 8.000000 6.000003
v -5.999999 8.000000 6.000003
v -6.999999 8.000000 6.000003
v -6.000000 9.000001 1.000003
v -7.000000 9.000001 1.000003
v -6.000000 9.000001 2.000003
v -7.000000 9.000001 2.000003
v -6.000000 9.000001 3.000004
v -7.000000 9.000001 3.000004
v -7.000000 9.000000 4.000004
v -6.999999 9.000000 5.000004
v -0.999999 9.000000 6.000003
v -1.999999 9.000000 6.000003
v -2.999999 9.000000 6.000003
v -3.999999 9.000000 6.000003
v -4.999999 9.000000 6.000003
v -5.999999 9.000000 6.000003
v -6.999999 9.000000 6.000004
v -7.000000 10.000001 1.000003
v -6.000000 10.000001 1.000003
v -7.000000 10.000001 2.000004
v -7.000000 10.000001 3.000004
v -6.000000 10.000001 3.000004
v -6.000000 10.000001 2.000004
v -7.000000 10.000000 4.000004
v -6.999999 10.000000 5.000004
v -0.999999 10.000000 6.000003
v -1.999999 10.000000 6.000003
v -2.999999 10.000000 6.000003
v -3.999999 10.000000 6.000003
v -4.999999 10.000000 6.000003
v -5.999999 10.000000 6.000003
v -6.999999 10.000000 6.000004
v -6.000000 11.000001 1.000004
v -7.000000 11.000001 1.000004
v -6.000000 11.000001 2.000004
v -7.000000 11.000001 2.000004
v -6.000000 11.000001 3.000004
v -7.000000 11.000001 3.000004
v -7.000000 11.000000 4.000004
v -6.999999 11.000000 5.000004
v -0.999999 11.000000 6.000003
v -1.999999 11.000000 6.000003
v -2.999999 11.000000 6.000003
v -3.999999 11.000000 6.000003
v -4.999999 11.000000 6.000003
v -5.999999 11.000000 6.000004
v -6.999999 11.000000 6.000004
v -7.000000 12.000002 1.000004
v -7.000000 12.000002 2.000004
v -7.000000 12.000002 3.000004
v -7.000000 12.000001 4.000004
v -6.999999 12.000001 5.000004
v -0.999999 12.000001 6.000003
v -1.999999 12.000001 6.000003
v -2.999999 12.000001 6.000003
v -3.999999 12.000001 6.000003
v -4.999999 12.000001 6.000003
v -5.999999 12.000001 6.000004
v -6.999999 12.000001 6.000004
v -1.000000 13.000002 1.000003
v -2.000000 13.000002 1.000003
v -3.000000 13.000002 1.000003
v -4.000000 13.000002 1.000004
v -5.000000 13.000002 1.000004
v -6.000000 13.000002 1.000004
v -7.000000 13.000002 1.000004
v -1.000000 13.000002 2.000003
v -2.000000 13.000002 2.000003
v -3.000000 13.000002 2.000003
v -4.000000 13.000002 2.000004
v -5.000000 13.000002 2.000004
v -6.000000 13.000002 2.000004
v -7.000000 13.000002 2.000004
v -1.000000 13.000002 3.000003
v -2.000000 13.000002 3.000003
v -3.000000 13.000002 3.000003
v -4.000000 13.000002 3.000004
v -5.000000 13.000002 3.000004
v -6.000000 13.000002 3.000004
v -7.000000 13.000002 3.000004
v -0.999999 13.000001 4.000003
v -1.999999 13.000001 4.000003
v -2.999999 13.000001 4.000003
v -3.999999 13.000001 4.000003
v -5.000000 13.000001 4.000004
v -6.000000 13.000001 4.000004
v -7.000000 13.000001 4.000004
v -0.999999 13.000001 5.000003
v -1.999999 13.000001 5.000003
v -2.999999 13.000001 5.000003
v -3.999999 13.000001 5.000003
v -4.999999 13.000001 5.000004
v -5.999999 13.000001 5.000004
v -6.999999 13.000001 5.000004
v -0.999999 13.000001 6.000004
v -1.999999 13.000001 6.000004
v -2.999999 13.000001 6.000004
v -3.999999 13.000001 6.000004
v -4.999999 13.000001 6.000005
v -5.999999 13.000001 6.000005
v -6.999999 13.000001 6.000005
vn -0.0000 -0.0000 -1.0000
vn -0.0000 -1.0000 -0.0000
vn 1.0000 -0.0000 -0.0000
vn -1.0000 -0.0000 -0.0000
vn -0.0000 1.0000 -0.0000
vn -0.0000 -0.0000 1.0000
vt 0.093750 0.968750
vt 0.156250 0.968750
vt 0.343750 0.968750
vt 0.406250 0.968750
vt 0.468750 0.968750
vt 0.531250 0.968750
s 1
f 1/1/1 2/1/1 3/1/1
f 3/1/1 4/1/1 1/1/1
f 1/1/2 5/1/2 6/1/2
f 6/1/2 2/1/2 1/1/2
f 1/1/3 4/1/3 7/1/3
f 7/1/3 5/1/3 1/1/3
f 2/1/1 8/1/1 9/1/1
f 9/1/1 3/1/1 2/1/1
f 2/1/2 6/1/2 10/1/2
f 10/1/2 8/1/2 2/1/2
f 8/1/1 11/1/1 12/1/1
f 12/1/1 9/1/1 8/1/1
f 8/1/2 10/1/2 13/1/2
f 13/1/2 11/1/2 8/1/2
f 11/1/1 14/1/1 15/1/1
f 15/1/1 12/1/1 11/1/1
f 11/1/2 13/1/2 16/1/2
f 16/1/2 14/1/2 11/1/2
f 14/1/4 16/1/4 17/1/4
f 17/1/4 15/1/4 14/1/4
f 5/1/2 18/1/2 19/1/2
f 19/1/2 6/1/2 5/1/2
f 5/1/3 7/1/3 20/1/3
f 20/1/3 18/1/3 5/1/3
f 6/1/2 19/1/2 21/1/2
f 21/1/2 10/1/2 6/1/2
f 10/1/2 21/1/2 22/1/2
f 22/1/2 13/1/2 10/1/2
f 13/1/2 22/1/2 23/1/2
f 23/1/2 16/1/2 13/1/2
f 16/1/1 24/1/1 25/1/1
f 25/1/1 17/1/1 16/1/1
f 16/1/2 23/1/2 26/1/2
f 26/1/2 24/1/2 16/1/2
f 24/1/1 27/1/1 28/1/1
f 28/1/1 25/1/1 24/1/1
f 24/1/2 26/1/2 29/1/2
f 29/1/2 27/1/2 24/1/2
f 27/1/1 30/1/1 31/1/1
f 31/1/1 28/1/1 27/1/1
f 27/1/2 29/1/2 32/1/2
f 32/1/2 30/1/2 27/1/2
f 18/1/2 33/1/2 34/1/2
f 34/1/2 19/1/2 18/1/2
f 18/1/3 20/1/3 35/1/3
f 35/1/3 33/1/3 18/1/3
f 19/1/2 34/1/2 36/1/2
f 36/1/2 21/1/2 19/1/2
f 21/1/2 36/1/2 37/1/2
f 37/1/2 22/1/2 21/1/2
f 22/1/2 37/1/2 38/1/2
f 38/1/2 23/1/2 22/1/2
f 23/1/2 38/1/2 39/1/2
f 39/1/2 26/1/2 23/1/2
f 26/1/2 39/1/2 40/1/2
f 40/1/2 29/1/2 26/1/2
f 29/1/2 40/1/2 41/1/2
f 41/1/2 32/1/2 29/1/2
f 33/1/2 42/1/2 43/1/2
f 43/1/2 34/1/2 33/1/2
f 33/1/3 35/1/3 44/1/3
f 44/1/3 42/1/3 33/1/3
f 34/1/2 43/1/2 45/1/2
f 45/1/2 36/1/2 34/1/2
f 36/1/2 45/1/2 46/1/2
f 46/1/2 37/1/2 36/1/2
f 37/1/2 46/1/2 47/1/2
f 47/1/2 38/1/2 37/1/2
f 38/1/2 47/1/2 48/1/2
f 48/1/2 39/1/2 38/1/2
f 39/1/2 48/1/2 49/1/2
f 49/1/2 40/1/2 39/1/2
f 40/1/2 49/1/2 50/1/2
f 50/1/2 41/1/2 40/1/2
f 42/1/2 51/1/2 52/1/2
f 52/1/2 43/1/2 42/1/2
f 42/1/3 44/1/3 53/1/3
f 53/1/3 51/1/3 42/1/3
f 43/1/2 52/1/2 54/1/2
f 54/1/2 45/1/2 43/1/2
f 45/1/2 54/1/2 55/1/2
f 55/1/2 46/1/2 45/1/2
f 46/1/2 55/1/2 56/1/2
f 56/1/2 47/1/2 46/1/2
f 47/1/2 56/1/2 57/1/2
f 57/1/2 48/1/2 47/1/2
f 48/1/2 57/1/2 58/1/2
f 58/1/2 49/1/2 48/1/2
f 49/1/2 58/1/2 59/1/2
f 59/1/2 50/1/2 49/1/2
f 51/1/2 60/1/2 61/1/2
f 61/1/2 52/1/2 51/1/2
f 51/1/3 53/1/3 62/1/3
f 62/1/3 60/1/3 51/1/3
f 52/1/2 61/1/2 63/1/2
f 63/1/2 54/1/2 52/1/2
f 54/1/2 63/1/2 64/1/2
f 64/1/2 55/1/2 54/1/2
f 55/1/2 64/1/2 65/1/2
f 65/1/2 56/1/2 55/1/2
f 56/1/2 65/1/2 66/1/2
f 66/1/2 57/1/2 56/1/2
f 57/1/2 66/1/2 67/1/2
f 67/1/2 58/1/2 57/1/2
f 58/1/2 67/1/2 68/1/2
f 68/1/2 59/1/2 58/1/2
f 60/1/2 69/1/2 70/1/2
f 70/1/2 61/1/2 60/1/2
f 60/1/3 62/1/3 71/1/3
f 71/1/3 69/1/3 60/1/3
f 61/1/2 70/1/2 72/1/2
f 72/1/2 63/1/2 61/1/2
f 63/1/2 72/1/2 73/1/2
f 73/1/2 64/1/2 63/1/2
f 64/1/2 73/1/2 74/1/2
f 74/1/2 65/1/2 64/1/2
f 65/1/2 74/1/2 75/1/2
f 75/1/2 66/1/2 65/1/2
f 66/1/2 75/1/2 76/1/2
f 76/1/2 67/1/2 66/1/2
f 67/1/2 76/1/2 77/1/2
f 77/1/2 68/1/2 67/1/2
f 69/1/2 78/1/2 79/1/2
f 79/1/2 70/1/2 69/1/2
f 69/1/3 71/1/3 80/1/3
f 80/1/3 78/1/3 69/1/3
f 70/1/2 79/1/2 81/1/2
f 81/1/2 72/1/2 70/1/2
f 72/1/2 81/1/2 82/1/2
f 82/1/2 73/1/2 72/1/2
f 73/1/2 82/1/2 83/1/2
f 83/1/2 74/1/2 73/1/2
f 74/1/2 83/1/2 84/1/2
f 84/1/2 75/1/2 74/1/2
f 75/1/2 84/1/2 85/1/2
f 85/1/2 76/1/2 75/1/2
f 76/1/2 85/1/2 86/1/2
f 86/1/2 77/1/2 76/1/2
f 4/1/1 3/1/1 87/1/1
f 87/1/1 88/1/1 4/1/1
f 4/1/3 88/1/3 89/1/3
f 89/1/3 7/1/3 4/1/3
f 3/1/1 9/1/1 90/1/1
f 90/1/1 87/1/1 3/1/1
f 9/1/1 12/1/1 91/1/1
f 91/1/1 90/1/1 9/1/1
f 12/1/1 15/1/1 92/1/1
f 92/1/1 91/1/1 12/1/1
f 15/1/1 93/1/1 94/1/1
f 94/1/1 92/1/1 15/1/1
f 15/1/2 17/1/2 25/1/2
f 25/1/2 93/1/2 15/1/2
f 93/1/1 95/1/1 96/1/1
f 96/1/1 94/1/1 93/1/1
f 93/1/2 25/1/2 28/1/2
f 28/1/2 95/1/2 93/1/2
f 95/1/1 97/1/1 98/1/1
f 98/1/1 96/1/1 95/1/1
f 95/1/2 28/1/2 31/1/2
f 31/1/2 97/1/2 95/1/2
f 7/1/3 89/1/3 99/1/3
f 99/1/3 20/1/3 7/1/3
f 20/1/3 99/1/3 100/1/3
f 100/1/3 35/1/3 20/1/3
f 35/1/3 100/1/3 101/1/3
f 101/1/3 44/1/3 35/1/3
f 44/1/3 101/1/3 102/1/3
f 102/1/3 53/1/3 44/1/3
f 53/1/3 102/1/3 103/1/3
f 103/1/3 62/1/3 53/1/3
f 62/1/3 103/1/3 104/1/3
f 104/1/3 71/1/3 62/1/3
f 71/1/3 104/1/3 105/1/3
f 105/1/3 80/1/3 71/1/3
f 88/2/1 87/2/1 106/2/1
f 106/2/1 107/2/1 88/2/1
f 88/2/3 107/2/3 108/2/3
f 108/2/3 89/2/3 88/2/3
f 87/2/1 90/2/1 109/2/1
f 109/2/1 106/2/1 87/2/1
f 90/2/1 91/2/1 110/2/1
f 110/2/1 109/2/1 90/2/1
f 91/2/1 92/2/1 111/2/1
f 111/2/1 110/2/1 91/2/1
f 92/2/1 94/2/1 112/2/1
f 112/2/1 111/2/1 92/2/1
f 94/2/1 96/2/1 113/2/1
f 113/2/1 112/2/1 94/2/1
f 96/2/1 98/2/1 114/2/1
f 114/2/1 113/2/1 96/2/1
f 89/2/3 108/2/3 115/2/3
f 115/2/3 99/2/3 89/2/3
f 99/2/3 115/2/3 116/2/3
f 116/2/3 100/2/3 99/2/3
f 100/2/3 116/2/3 117/2/3
f 117/2/3 101/2/3 100/2/3
f 101/2/3 117/2/3 118/2/3
f 118/2/3 102/2/3 101/2/3
f 102/2/3 118/2/3 119/2/3
f 119/2/3 103/2/3 102/2/3
f 103/2/3 119/2/3 120/2/3
f 120/2/3 104/2/3 103/2/3
f 104/2/3 120/2/3 121/2/3
f 121/2/3 105/2/3 104/2/3
f 107/2/1 106/2/1 122/2/1
f 122/2/1 123/2/1 107/2/1
f 107/2/3 123/2/3 124/2/3
f 124/2/3 108/2/3 107/2/3
f 106/2/1 109/2/1 125/2/1
f 125/2/1 122/2/1 106/2/1
f 109/2/1 110/2/1 126/2/1
f 126/2/1 125/2/1 109/2/1
f 110/2/1 111/2/1 127/2/1
f 127/2/1 126/2/1 110/2/1
f 111/2/1 112/2/1 128/2/1
f 128/2/1 127/2/1 111/2/1
f 112/2/1 113/2/1 129/2/1
f 129/2/1 128/2/1 112/2/1
f 113/2/1 114/2/1 130/2/1
f 130/2/1 129/2/1 113/2/1
f 108/2/3 124/2/3 131/2/3
f 131/2/3 115/2/3 108/2/3
f 115/2/3 131/2/3 132/2/3
f 132/2/3 116/2/3 115/2/3
f 116/2/3 132/2/3 133/2/3
f 133/2/3 117/2/3 116/2/3
f 134/2/5 135/2/5 136/2/5
f 136/2/5 133/2/5 134/2/5
f 117/2/3 133/2/3 136/2/3
f 136/2/3 118/2/3 117/2/3
f 118/2/3 136/2/3 137/2/3
f 137/2/3 119/2/3 118/2/3
f 138/2/5 139/2/5 140/2/5
f 140/2/5 137/2/5 138/2/5
f 119/2/3 137/2/3 140/2/3
f 140/2/3 120/2/3 119/2/3
f 120/2/3 140/2/3 141/2/3
f 141/2/3 121/2/3 120/2/3
f 123/2/1 122/2/1 142/2/1
f 142/2/1 143/2/1 123/2/1
f 123/2/3 143/2/3 144/2/3
f 144/2/3 124/2/3 123/2/3
f 122/2/1 125/2/1 145/2/1
f 145/2/1 142/2/1 122/2/1
f 125/2/1 126/2/1 146/2/1
f 146/2/1 145/2/1 125/2/1
f 126/2/1 127/2/1 147/2/1
f 147/2/1 146/2/1 126/2/1
f 127/2/1 128/2/1 148/2/1
f 148/2/1 147/2/1 127/2/1
f 128/2/1 129/2/1 149/2/1
f 149/2/1 148/2/1 128/2/1
f 129/2/1 130/2/1 150/2/1
f 150/2/1 149/2/1 129/2/1
f 124/2/3 144/2/3 151/2/3
f 151/2/3 131/2/3 124/2/3
f 131/2/3 151/2/3 152/2/3
f 152/2/3 132/2/3 131/2/3
f 134/2/6 133/2/6 153/2/6
f 153/2/6 154/2/6 134/2/6
f 132/2/3 152/2/3 153/2/3
f 153/2/3 133/2/3 132/2/3
f 134/1/3 154/1/3 155/1/3
f 155/1/3 135/1/3 134/1/3
f 136/2/1 135/2/1 155/2/1
f 155/2/1 156/2/1 136/2/1
f 138/2/6 137/2/6 157/2/6
f 157/2/6 158/2/6 138/2/6
f 136/2/3 156/2/3 157/2/3
f 157/2/3 137/2/3 136/2/3
f 138/1/3 158/1/3 159/1/3
f 159/1/3 139/1/3 138/1/3
f 140/2/1 139/2/1 159/2/1
f 159/2/1 160/2/1 140/2/1
f 161/2/6 141/2/6 162/2/6
f 162/2/6 163/2/6 161/2/6
f 140/2/3 160/2/3 162/2/3
f 162/2/3 141/2/3 140/2/3
f 164/3/1 165/3/1 166/3/1
f 166/3/1 167/3/1 164/3/1
f 164/3/2 145/3/2 146/3/2
f 146/3/2 165/3/2 164/3/2
f 164/3/3 167/3/3 168/3/3
f 168/3/3 145/3/3 164/3/3
f 165/3/1 169/3/1 170/3/1
f 170/3/1 166/3/1 165/3/1
f 165/3/2 146/3/2 147/3/2
f 147/3/2 169/3/2 165/3/2
f 169/3/1 171/3/1 172/3/1
f 172/3/1 170/3/1 169/3/1
f 169/3/2 147/3/2 148/3/2
f 148/3/2 171/3/2 169/3/2
f 171/3/1 173/3/1 174/3/1
f 174/3/1 172/3/1 171/3/1
f 171/3/2 148/3/2 149/3/2
f 149/3/2 173/3/2 171/3/2
f 173/3/1 175/3/1 176/3/1
f 176/3/1 174/3/1 173/3/1
f 173/3/2 149/3/2 150/3/2
f 150/3/2 175/3/2 173/3/2
f 143/2/1 142/2/1 177/2/1
f 177/2/1 178/2/1 143/2/1
f 143/2/3 178/2/3 179/2/3
f 179/2/3 144/2/3 143/2/3
f 142/2/1 145/2/1 168/2/1
f 168/2/1 177/2/1 142/2/1
f 144/2/3 179/2/3 180/2/3
f 180/2/3 151/2/3 144/2/3
f 151/2/3 180/2/3 181/2/3
f 181/2/3 152/2/3 151/2/3
f 152/2/3 181/2/3 182/2/3
f 182/2/3 153/2/3 152/2/3
f 153/2/2 156/2/2 155/2/2
f 155/2/2 154/2/2 153/2/2
f 183/2/5 184/2/5 185/2/5
f 185/2/5 182/2/5 183/2/5
f 153/2/3 182/2/3 185/2/3
f 185/2/3 156/2/3 153/2/3
f 156/2/3 185/2/3 186/2/3
f 186/2/3 157/2/3 156/2/3
f 157/2/2 160/2/2 159/2/2
f 159/2/2 158/2/2 157/2/2
f 187/2/5 188/2/5 189/2/5
f 189/2/5 186/2/5 187/2/5
f 157/2/3 186/2/3 189/2/3
f 189/2/3 160/2/3 157/2/3
f 160/2/3 189/2/3 190/2/3
f 190/2/3 162/2/3 160/2/3
f 167/3/1 166/3/1 191/3/1
f 191/3/1 192/3/1 167/3/1
f 167/3/3 192/3/3 193/3/3
f 193/3/3 168/3/3 167/3/3
f 166/4/1 170/4/1 194/4/1
f 194/4/1 191/4/1 166/4/1
f 170/4/1 172/4/1 195/4/1
f 195/4/1 194/4/1 170/4/1
f 172/4/1 174/4/1 196/4/1
f 196/4/1 195/4/1 172/4/1
f 174/3/1 176/3/1 197/3/1
f 197/3/1 196/3/1 174/3/1
f 178/2/1 177/2/1 198/2/1
f 198/2/1 199/2/1 178/2/1
f 178/2/3 199/2/3 200/2/3
f 200/2/3 179/2/3 178/2/3
f 177/2/1 168/2/1 193/2/1
f 193/2/1 198/2/1 177/2/1
f 179/2/3 200/2/3 201/2/3
f 201/2/3 180/2/3 179/2/3
f 180/2/3 201/2/3 202/2/3
f 202/2/3 181/2/3 180/2/3
f 183/2/6 182/2/6 203/2/6
f 203/2/6 204/2/6 183/2/6
f 181/2/3 202/2/3 203/2/3
f 203/2/3 182/2/3 181/2/3
f 183/1/3 204/1/3 205/1/3
f 205/1/3 184/1/3 183/1/3
f 185/2/1 184/2/1 205/2/1
f 205/2/1 206/2/1 185/2/1
f 187/2/6 186/2/6 207/2/6
f 207/2/6 208/2/6 187/2/6
f 185/2/3 206/2/3 207/2/3
f 207/2/3 186/2/3 185/2/3
f 187/1/3 208/1/3 209/1/3
f 209/1/3 188/1/3 187/1/3
f 189/2/1 188/2/1 209/2/1
f 209/2/1 210/2/1 189/2/1
f 211/2/6 190/2/6 212/2/6
f 212/2/6 213/2/6 211/2/6
f 189/2/3 210/2/3 212/2/3
f 212/2/3 190/2/3 189/2/3
f 192/3/1 191/3/1 214/3/1
f 214/3/1 215/3/1 192/3/1
f 192/3/3 215/3/3 216/3/3
f 216/3/3 193/3/3 192/3/3
f 191/3/1 194/3/1 217/3/1
f 217/3/1 214/3/1 191/3/1
f 217/3/5 218/3/5 219/3/5
f 219/3/5 214/3/5 217/3/5
f 194/3/1 195/3/1 220/3/1
f 220/3/1 217/3/1 194/3/1
f 195/3/1 196/3/1 221/3/1
f 221/3/1 220/3/1 195/3/1
f 221/3/5 222/3/5 223/3/5
f 223/3/5 220/3/5 221/3/5
f 196/3/1 197/3/1 224/3/1
f 224/3/1 221/3/1 196/3/1
f 199/2/1 198/2/1 225/2/1
f 225/2/1 226/2/1 199/2/1
f 199/2/3 226/2/3 227/2/3
f 227/2/3 200/2/3 199/2/3
f 198/2/1 193/2/1 216/2/1
f 216/2/1 225/2/1 198/2/1
f 200/2/3 227/2/3 228/2/3
f 228/2/3 201/2/3 200/2/3
f 201/2/3 228/2/3 229/2/3
f 229/2/3 202/2/3 201/2/3
f 202/2/3 229/2/3 230/2/3
f 230/2/3 203/2/3 202/2/3
f 203/2/2 206/2/2 205/2/2
f 205/2/2 204/2/2 203/2/2
f 231/2/5 232/2/5 233/2/5
f 233/2/5 230/2/5 231/2/5
f 203/2/3 230/2/3 233/2/3
f 233/2/3 206/2/3 203/2/3
f 206/2/3 233/2/3 234/2/3
f 234/2/3 207/2/3 206/2/3
f 207/2/2 210/2/2 209/2/2
f 209/2/2 208/2/2 207/2/2
f 235/2/5 236/2/5 237/2/5
f 237/2/5 234/2/5 235/2/5
f 207/2/3 234/2/3 237/2/3
f 237/2/3 210/2/3 207/2/3
f 210/2/3 237/2/3 238/2/3
f 238/2/3 212/2/3 210/2/3
f 215/3/1 214/3/1 239/3/1
f 239/3/1 240/3/1 215/3/1
f 214/3/4 219/3/4 241/3/4
f 241/3/4 239/3/4 214/3/4
f 215/3/3 240/3/3 242/3/3
f 242/3/3 216/3/3 215/3/3
f 217/3/1 220/3/1 243/3/1
f 243/3/1 244/3/1 217/3/1
f 220/3/4 223/3/4 245/3/4
f 245/3/4 243/3/4 220/3/4
f 217/3/3 244/3/3 246/3/3
f 246/3/3 218/3/3 217/3/3
f 221/3/1 224/3/1 247/3/1
f 247/3/1 248/3/1 221/3/1
f 221/3/3 248/3/3 249/3/3
f 249/3/3 222/3/3 221/3/3
f 226/2/1 225/2/1 250/2/1
f 250/2/1 251/2/1 226/2/1
f 226/2/3 251/2/3 252/2/3
f 252/2/3 227/2/3 226/2/3
f 225/2/1 216/2/1 242/2/1
f 242/2/1 250/2/1 225/2/1
f 219/1/1 218/1/1 246/1/1
f 246/1/1 241/1/1 219/1/1
f 223/1/1 222/1/1 249/1/1
f 249/1/1 245/1/1 223/1/1
f 227/2/3 252/2/3 253/2/3
f 253/2/3 228/2/3 227/2/3
f 228/2/3 253/2/3 254/2/3
f 254/2/3 229/2/3 228/2/3
f 231/2/6 230/2/6 255/2/6
f 255/2/6 256/2/6 231/2/6
f 229/2/3 254/2/3 255/2/3
f 255/2/3 230/2/3 229/2/3
f 231/1/3 256/1/3 257/1/3
f 257/1/3 232/1/3 231/1/3
f 233/2/1 232/2/1 257/2/1
f 257/2/1 258/2/1 233/2/1
f 235/2/6 234/2/6 259/2/6
f 259/2/6 260/2/6 235/2/6
f 233/2/3 258/2/3 259/2/3
f 259/2/3 234/2/3 233/2/3
f 235/1/3 260/1/3 261/1/3
f 261/1/3 236/1/3 235/1/3
f 237/2/1 236/2/1 261/2/1
f 261/2/1 262/2/1 237/2/1
f 263/2/6 238/2/6 264/2/6
f 264/2/6 265/2/6 263/2/6
f 237/2/3 262/2/3 264/2/3
f 264/2/3 238/2/3 237/2/3
f 240/3/1 239/3/1 266/3/1
f 266/3/1 267/3/1 240/3/1
f 240/3/3 267/3/3 268/3/3
f 268/3/3 242/3/3 240/3/3
f 239/3/1 244/3/1 269/3/1
f 269/3/1 266/3/1 239/3/1
f 239/3/2 241/3/2 246/3/2
f 246/3/2 244/3/2 239/3/2
f 244/3/1 243/3/1 270/3/1
f 270/3/1 269/3/1 244/3/1
f 243/3/1 248/3/1 271/3/1
f 271/3/1 270/3/1 243/3/1
f 243/3/2 245/3/2 249/3/2
f 249/3/2 248/3/2 243/3/2
f 248/3/1 247/3/1 272/3/1
f 272/3/1 271/3/1 248/3/1
f 251/2/1 250/2/1 273/2/1
f 273/2/1 274/2/1 251/2/1
f 251/2/3 274/2/3 275/2/3
f 275/2/3 252/2/3 251/2/3
f 250/2/1 242/2/1 268/2/1
f 268/2/1 273/2/1 250/2/1
f 252/2/3 275/2/3 276/2/3
f 276/2/3 253/2/3 252/2/3
f 253/2/3 276/2/3 277/2/3
f 277/2/3 254/2/3 253/2/3
f 254/2/3 277/2/3 278/2/3
f 278/2/3 255/2/3 254/2/3
f 255/2/2 258/2/2 257/2/2
f 257/2/2 256/2/2 255/2/2
f 279/2/5 280/2/5 281/2/5
f 281/2/5 278/2/5 279/2/5
f 255/2/3 278/2/3 281/2/3
f 281/2/3 258/2/3 255/2/3
f 258/2/3 281/2/3 282/2/3
f 282/2/3 259/2/3 258/2/3
f 259/2/2 262/2/2 261/2/2
f 261/2/2 260/2/2 259/2/2
f 283/2/5 284/2/5 285/2/5
f 285/2/5 282/2/5 283/2/5
f 259/2/3 282/2/3 285/2/3
f 285/2/3 262/2/3 259/2/3
f 262/2/3 285/2/3 286/2/3
f 286/2/3 264/2/3 262/2/3
f 267/3/1 266/3/1 287/3/1
f 287/3/1 288/3/1 267/3/1
f 287/3/5 289/3/5 290/3/5
f 290/3/5 288/3/5 287/3/5
f 267/3/3 288/3/3 290/3/3
f 290/3/3 268/3/3 267/3/3
f 266/3/1 269/3/1 291/3/1
f 291/3/1 287/3/1 266/3/1
f 291/3/5 292/3/5 289/3/5
f 289/3/5 287/3/5 291/3/5
f 269/3/1 270/3/1 293/3/1
f 293/3/1 291/3/1 269/3/1
f 293/3/5 294/3/5 292/3/5
f 292/3/5 291/3/5 293/3/5
f 270/3/1 271/3/1 295/3/1
f 295/3/1 293/3/1 270/3/1
f 295/3/5 296/3/5 294/3/5
f 294/3/5 293/3/5 295/3/5
f 271/3/1 272/3/1 297/3/1
f 297/3/1 295/3/1 271/3/1
f 297/3/5 298/3/5 296/3/5
f 296/3/5 295/3/5 297/3/5
f 274/2/1 273/2/1 299/2/1
f 299/2/1 300/2/1 274/2/1
f 274/2/3 300/2/3 301/2/3
f 301/2/3 275/2/3 274/2/3
f 273/2/1 268/2/1 290/2/1
f 290/2/1 299/2/1 273/2/1
f 275/2/3 301/2/3 302/2/3
f 302/2/3 276/2/3 275/2/3
f 276/2/3 302/2/3 303/2/3
f 303/2/3 277/2/3 276/2/3
f 279/2/6 278/2/6 304/2/6
f 304/2/6 305/2/6 279/2/6
f 277/2/3 303/2/3 304/2/3
f 304/2/3 278/2/3 277/2/3
f 279/1/3 305/1/3 306/1/3
f 306/1/3 280/1/3 279/1/3
f 281/2/1 280/2/1 306/2/1
f 306/2/1 307/2/1 281/2/1
f 283/2/6 282/2/6 308/2/6
f 308/2/6 309/2/6 283/2/6
f 281/2/3 307/2/3 308/2/3
f 308/2/3 282/2/3 281/2/3
f 283/1/3 309/1/3 310/1/3
f 310/1/3 284/1/3 283/1/3
f 285/2/1 284/2/1 310/2/1
f 310/2/1 311/2/1 285/2/1
f 312/2/6 286/2/6 313/2/6
f 313/2/6 314/2/6 312/2/6
f 285/2/3 311/2/3 313/2/3
f 313/2/3 286/2/3 285/2/3
f 300/2/1 299/2/1 315/2/1
f 315/2/1 316/2/1 300/2/1
f 300/2/3 316/2/3 317/2/3
f 317/2/3 301/2/3 300/2/3
f 299/2/1 290/2/1 318/2/1
f 318/2/1 315/2/1 299/2/1
f 290/2/1 289/2/1 319/2/1
f 319/2/1 318/2/1 290/2/1
f 289/2/1 292/2/1 320/2/1
f 320/2/1 319/2/1 289/2/1
f 292/2/1 294/2/1 321/2/1
f 321/2/1 320/2/1 292/2/1
f 294/2/1 296/2/1 322/2/1
f 322/2/1 321/2/1 294/2/1
f 296/2/1 298/2/1 323/2/1
f 323/2/1 322/2/1 296/2/1
f 301/2/3 317/2/3 324/2/3
f 324/2/3 302/2/3 301/2/3
f 302/2/3 324/2/3 325/2/3
f 325/2/3 303/2/3 302/2/3
f 303/2/3 325/2/3 326/2/3
f 326/2/3 304/2/3 303/2/3
f 304/2/2 307/2/2 306/2/2
f 306/2/2 305/2/2 304/2/2
f 304/2/3 326/2/3 327/2/3
f 327/2/3 307/2/3 304/2/3
f 307/2/3 327/2/3 328/2/3
f 328/2/3 308/2/3 307/2/3
f 308/2/2 311/2/2 310/2/2
f 310/2/2 309/2/2 308/2/2
f 308/2/3 328/2/3 329/2/3
f 329/2/3 311/2/3 308/2/3
f 311/2/3 329/2/3 330/2/3
f 330/2/3 313/2/3 311/2/3
f 316/2/1 315/2/1 331/2/1
f 331/2/1 332/2/1 316/2/1
f 331/2/5 333/2/5 334/2/5
f 334/2/5 332/2/5 331/2/5
f 316/2/3 332/2/3 334/2/3
f 334/2/3 317/2/3 316/2/3
f 315/2/1 318/2/1 335/2/1
f 335/2/1 331/2/1 315/2/1
f 335/2/5 336/2/5 333/2/5
f 333/2/5 331/2/5 335/2/5
f 318/2/1 319/2/1 337/2/1
f 337/2/1 335/2/1 318/2/1
f 337/2/5 338/2/5 336/2/5
f 336/2/5 335/2/5 337/2/5
f 319/2/1 320/2/1 339/2/1
f 339/2/1 337/2/1 319/2/1
f 339/2/5 340/2/5 338/2/5
f 338/2/5 337/2/5 339/2/5
f 320/2/1 321/2/1 341/2/1
f 341/2/1 339/2/1 320/2/1
f 341/2/5 342/2/5 340/2/5
f 340/2/5 339/2/5 341/2/5
f 321/2/1 322/2/1 343/2/1
f 343/2/1 341/2/1 321/2/1
f 343/2/5 344/2/5 342/2/5
f 342/2/5 341/2/5 343/2/5
f 322/2/1 323/2/1 345/2/1
f 345/2/1 343/2/1 322/2/1
f 345/2/5 346/2/5 344/2/5
f 344/2/5 343/2/5 345/2/5
f 333/2/5 347/2/5 348/2/5
f 348/2/5 334/2/5 333/2/5
f 317/2/3 334/2/3 348/2/3
f 348/2/3 324/2/3 317/2/3
f 336/5/5 349/5/5 347/5/5
f 347/5/5 333/5/5 336/5/5
f 338/5/5 350/5/5 349/5/5
f 349/5/5 336/5/5 338/5/5
f 340/5/5 351/5/5 350/5/5
f 350/5/5 338/5/5 340/5/5
f 342/5/5 352/5/5 351/5/5
f 351/5/5 340/5/5 342/5/5
f 344/6/5 353/6/5 352/6/5
f 352/6/5 342/6/5 344/6/5
f 346/6/5 354/6/5 353/6/5
f 353/6/5 344/6/5 346/6/5
f 347/2/5 355/2/5 356/2/5
f 356/2/5 348/2/5 347/2/5
f 324/2/3 348/2/3 356/2/3
f 356/2/3 325/2/3 324/2/3
f 349/5/5 357/5/5 355/5/5
f 355/5/5 347/5/5 349/5/5
f 350/2/5 358/2/5 357/2/5
f 357/2/5 349/2/5 350/2/5
f 351/2/5 359/2/5 358/2/5
f 358/2/5 350/2/5 351/2/5
f 352/2/5 360/2/5 359/2/5
f 359/2/5 351/2/5 352/2/5
f 353/2/5 361/2/5 360/2/5
f 360/2/5 352/2/5 353/2/5
f 354/2/5 362/2/5 361/2/5
f 361/2/5 353/2/5 354/2/5
f 355/2/5 363/2/5 364/2/5
f 364/2/5 356/2/5 355/2/5
f 325/2/3 356/2/3 364/2/3
f 364/2/3 326/2/3 325/2/3
f 357/5/5 365/5/5 363/5/5
f 363/5/5 355/5/5 357/5/5
f 358/2/5 366/2/5 365/2/5
f 365/2/5 357/2/5 358/2/5
f 359/2/5 367/2/5 366/2/5
f 366/2/5 358/2/5 359/2/5
f 360/2/5 368/2/5 367/2/5
f 367/2/5 359/2/5 360/2/5
f 361/1/5 369/1/5 368/1/5
f 368/1/5 360/1/5 361/1/5
f 362/1/5 370/1/5 369/1/5
f 369/1/5 361/1/5 362/1/5
f 363/2/5 371/2/5 372/2/5
f 372/2/5 364/2/5 363/2/5
f 326/2/3 364/2/3 372/2/3
f 372/2/3 327/2/3 326/2/3
f 365/5/5 373/5/5 371/5/5
f 371/5/5 363/5/5 365/5/5
f 366/2/5 374/2/5 373/2/5
f 373/2/5 365/2/5 366/2/5
f 367/2/5 375/2/5 374/2/5
f 374/2/5 366/2/5 367/2/5
f 368/1/5 376/1/5 375/1/5
f 375/1/5 367/1/5 368/1/5
f 369/1/5 377/1/5 376/1/5
f 376/1/5 368/1/5 369/1/5
f 370/1/5 378/1/5 377/1/5
f 377/1/5 369/1/5 370/1/5
f 371/2/5 379/2/5 380/2/5
f 380/2/5 372/2/5 371/2/5
f 327/2/3 372/2/3 380/2/3
f 380/2/3 328/2/3 327/2/3
f 373/5/5 381/5/5 379/5/5
f 379/5/5 371/5/5 373/5/5
f 374/2/5 382/2/5 381/2/5
f 381/2/5 373/2/5 374/2/5
f 375/1/5 383/1/5 382/1/5
f 382/1/5 374/1/5 375/1/5
f 376/1/5 384/1/5 383/1/5
f 383/1/5 375/1/5 376/1/5
f 377/1/5 385/1/5 384/1/5
f 384/1/5 376/1/5 377/1/5
f 378/1/5 386/1/5 385/1/5
f 385/1/5 377/1/5 378/1/5
f 379/2/5 387/2/5 388/2/5
f 388/2/5 380/2/5 379/2/5
f 328/2/3 380/2/3 388/2/3
f 388/2/3 329/2/3 328/2/3
f 381/5/5 389/5/5 387/5/5
f 387/5/5 379/5/5 381/5/5
f 382/2/5 390/2/5 389/2/5
f 389/2/5 381/2/5 382/2/5
f 383/1/5 391/1/5 390/1/5
f 390/1/5 382/1/5 383/1/5
f 384/1/5 392/1/5 391/1/5
f 391/1/5 383/1/5 384/1/5
f 385/3/5 393/3/5 392/3/5
f 392/3/5 384/3/5 385/3/5
f 386/1/5 394/1/5 393/1/5
f 393/1/5 385/1/5 386/1/5
f 387/2/5 395/2/5 396/2/5
f 396/2/5 388/2/5 387/2/5
f 329/2/3 388/2/3 396/2/3
f 396/2/3 330/2/3 329/2/3
f 389/5/5 397/5/5 395/5/5
f 395/5/5 387/5/5 389/5/5
f 390/2/5 398/2/5 397/2/5
f 397/2/5 389/2/5 390/2/5
f 391/1/5 399/1/5 398/1/5
f 398/1/5 390/1/5 391/1/5
f 392/1/5 400/1/5 399/1/5
f 399/1/5 391/1/5 392/1/5
f 393/1/5 401/1/5 400/1/5
f 400/1/5 392/1/5 393/1/5
f 394/3/5 402/3/5 401/3/5
f 401/3/5 393/3/5 394/3/5
f 403/1/1 404/1/1 405/1/1
f 405/1/1 406/1/1 403/1/1
f 403/1/2 407/1/2 408/1/2
f 408/1/2 404/1/2 403/1/2
f 403/1/3 406/1/3 409/1/3
f 409/1/3 407/1/3 403/1/3
f 404/1/1 410/1/1 411/1/1
f 411/1/1 405/1/1 404/1/1
f 404/1/2 408/1/2 412/1/2
f 412/1/2 410/1/2 404/1/2
f 410/1/1 413/1/1 414/1/1
f 414/1/1 411/1/1 410/1/1
f 410/1/2 412/1/2 415/1/2
f 415/1/2 413/1/2 410/1/2
f 413/1/1 416/1/1 417/1/1
f 417/1/1 414/1/1 413/1/1
f 413/1/2 415/1/2 418/1/2
f 418/1/2 416/1/2 413/1/2
f 416/1/4 418/1/4 419/1/4
f 419/1/4 417/1/4 416/1/4
f 30/1/1 420/1/1 421/1/1
f 421/1/1 31/1/1 30/1/1
f 30/1/2 32/1/2 422/1/2
f 422/1/2 420/1/2 30/1/2
f 420/1/1 423/1/1 424/1/1
f 424/1/1 421/1/1 420/1/1
f 420/1/2 422/1/2 425/1/2
f 425/1/2 423/1/2 420/1/2
f 423/1/1 407/1/1 409/1/1
f 409/1/1 424/1/1 423/1/1
f 423/1/2 425/1/2 426/1/2
f 426/1/2 407/1/2 423/1/2
f 407/1/2 426/1/2 427/1/2
f 427/1/2 408/1/2 407/1/2
f 408/1/2 427/1/2 428/1/2
f 428/1/2 412/1/2 408/1/2
f 412/1/2 428/1/2 429/1/2
f 429/1/2 415/1/2 412/1/2
f 415/1/2 429/1/2 430/1/2
f 430/1/2 418/1/2 415/1/2
f 418/1/4 430/1/4 431/1/4
f 431/1/4 419/1/4 418/1/4
f 32/1/2 41/1/2 432/1/2
f 432/1/2 422/1/2 32/1/2
f 422/1/2 432/1/2 433/1/2
f 433/1/2 425/1/2 422/1/2
f 425/1/2 433/1/2 434/1/2
f 434/1/2 426/1/2 425/1/2
f 426/1/2 434/1/2 435/1/2
f 435/1/2 427/1/2 426/1/2
f 427/1/2 435/1/2 436/1/2
f 436/1/2 428/1/2 427/1/2
f 428/1/2 436/1/2 437/1/2
f 437/1/2 429/1/2 428/1/2
f 429/1/2 437/1/2 438/1/2
f 438/1/2 430/1/2 429/1/2
f 430/1/4 438/1/4 439/1/4
f 439/1/4 431/1/4 430/1/4
f 41/1/2 50/1/2 440/1/2
f 440/1/2 432/1/2 41/1/2
f 432/1/2 440/1/2 441/1/2
f 441/1/2 433/1/2 432/1/2
f 433/1/2 441/1/2 442/1/2
f 442/1/2 434/1/2 433/1/2
f 434/1/2 442/1/2 443/1/2
f 443/1/2 435/1/2 434/1/2
f 435/1/2 443/1/2 444/1/2
f 444/1/2 436/1/2 435/1/2
f 436/1/2 444/1/2 445/1/2
f 445/1/2 437/1/2 436/1/2
f 437/1/2 445/1/2 446/1/2
f 446/1/2 438/1/2 437/1/2
f 438/1/4 446/1/4 447/1/4
f 447/1/4 439/1/4 438/1/4
f 50/1/2 59/1/2 448/1/2
f 448/1/2 440/1/2 50/1/2
f 440/1/2 448/1/2 449/1/2
f 449/1/2 441/1/2 440/1/2
f 441/1/2 449/1/2 450/1/2
f 450/1/2 442/1/2 441/1/2
f 442/1/2 450/1/2 451/1/2
f 451/1/2 443/1/2 442/1/2
f 443/1/2 451/1/2 452/1/2
f 452/1/2 444/1/2 443/1/2
f 444/1/2 452/1/2 453/1/2
f 453/1/2 445/1/2 444/1/2
f 445/1/2 453/1/2 454/1/2
f 454/1/2 446/1/2 445/1/2
f 446/1/4 454/1/4 455/1/4
f 455/1/4 447/1/4 446/1/4
f 59/1/2 68/1/2 456/1/2
f 456/1/2 448/1/2 59/1/2
f 448/1/2 456/1/2 457/1/2
f 457/1/2 449/1/2 448/1/2
f 449/1/2 457/1/2 458/1/2
f 458/1/2 450/1/2 449/1/2
f 450/1/2 458/1/2 459/1/2
f 459/1/2 451/1/2 450/1/2
f 451/1/2 459/1/2 460/1/2
f 460/1/2 452/1/2 451/1/2
f 452/1/2 460/1/2 461/1/2
f 461/1/2 453/1/2 452/1/2
f 453/1/2 461/1/2 462/1/2
f 462/1/2 454/1/2 453/1/2
f 454/1/4 462/1/4 463/1/4
f 463/1/4 455/1/4 454/1/4
f 68/1/2 77/1/2 464/1/2
f 464/1/2 456/1/2 68/1/2
f 456/1/2 464/1/2 465/1/2
f 465/1/2 457/1/2 456/1/2
f 457/1/2 465/1/2 466/1/2
f 466/1/2 458/1/2 457/1/2
f 458/1/2 466/1/2 467/1/2
f 467/1/2 459/1/2 458/1/2
f 459/1/2 467/1/2 468/1/2
f 468/1/2 460/1/2 459/1/2
f 460/1/2 468/1/2 469/1/2
f 469/1/2 461/1/2 460/1/2
f 461/1/2 469/1/2 470/1/2
f 470/1/2 462/1/2 461/1/2
f 462/1/4 470/1/4 471/1/4
f 471/1/4 463/1/4 462/1/4
f 77/1/2 86/1/2 472/1/2
f 472/1/2 464/1/2 77/1/2
f 464/1/2 472/1/2 473/1/2
f 473/1/2 465/1/2 464/1/2
f 465/1/2 473/1/2 474/1/2
f 474/1/2 466/1/2 465/1/2
f 466/1/2 474/1/2 475/1/2
f 475/1/2 467/1/2 466/1/2
f 467/1/2 475/1/2 476/1/2
f 476/1/2 468/1/2 467/1/2
f 468/1/2 476/1/2 477/1/2
f 477/1/2 469/1/2 468/1/2
f 469/1/2 477/1/2 478/1/2
f 478/1/2 470/1/2 469/1/2
f 470/1/4 478/1/4 479/1/4
f 479/1/4 471/1/4 470/1/4
f 97/1/1 480/1/1 481/1/1
f 481/1/1 98/1/1 97/1/1
f 97/1/2 31/1/2 421/1/2
f 421/1/2 480/1/2 97/1/2
f 480/1/1 482/1/1 483/1/1
f 483/1/1 481/1/1 480/1/1
f 480/1/2 421/1/2 424/1/2
f 424/1/2 482/1/2 480/1/2
f 482/1/1 406/1/1 484/1/1
f 484/1/1 483/1/1 482/1/1
f 482/1/2 424/1/2 409/1/2
f 409/1/2 406/1/2 482/1/2
f 406/1/1 405/1/1 485/1/1
f 485/1/1 484/1/1 406/1/1
f 405/1/1 411/1/1 486/1/1
f 486/1/1 485/1/1 405/1/1
f 411/1/1 414/1/1 487/1/1
f 487/1/1 486/1/1 411/1/1
f 414/1/1 417/1/1 488/1/1
f 488/1/1 487/1/1 414/1/1
f 417/1/4 419/1/4 489/1/4
f 489/1/4 488/1/4 417/1/4
f 419/1/4 431/1/4 490/1/4
f 490/1/4 489/1/4 419/1/4
f 431/1/4 439/1/4 491/1/4
f 491/1/4 490/1/4 431/1/4
f 439/1/4 447/1/4 492/1/4
f 492/1/4 491/1/4 439/1/4
f 447/1/4 455/1/4 493/1/4
f 493/1/4 492/1/4 447/1/4
f 455/1/4 463/1/4 494/1/4
f 494/1/4 493/1/4 455/1/4
f 463/1/4 471/1/4 495/1/4
f 495/1/4 494/1/4 463/1/4
f 471/1/4 479/1/4 496/1/4
f 496/1/4 495/1/4 471/1/4
f 98/2/1 481/2/1 497/2/1
f 497/2/1 114/2/1 98/2/1
f 481/2/1 483/2/1 498/2/1
f 498/2/1 497/2/1 481/2/1
f 483/2/1 484/2/1 499/2/1
f 499/2/1 498/2/1 483/2/1
f 484/2/1 485/2/1 500/2/1
f 500/2/1 499/2/1 484/2/1
f 485/2/1 486/2/1 501/2/1
f 501/2/1 500/2/1 485/2/1
f 486/2/1 487/2/1 502/2/1
f 502/2/1 501/2/1 486/2/1
f 487/2/1 488/2/1 503/2/1
f 503/2/1 502/2/1 487/2/1
f 488/2/4 489/2/4 504/2/4
f 504/2/4 503/2/4 488/2/4
f 489/2/4 490/2/4 505/2/4
f 505/2/4 504/2/4 489/2/4
f 490/2/4 491/2/4 506/2/4
f 506/2/4 505/2/4 490/2/4
f 491/2/4 492/2/4 507/2/4
f 507/2/4 506/2/4 491/2/4
f 492/2/4 493/2/4 508/2/4
f 508/2/4 507/2/4 492/2/4
f 493/2/4 494/2/4 509/2/4
f 509/2/4 508/2/4 493/2/4
f 494/2/4 495/2/4 510/2/4
f 510/2/4 509/2/4 494/2/4
f 495/2/4 496/2/4 511/2/4
f 511/2/4 510/2/4 495/2/4
f 114/2/1 497/2/1 512/2/1
f 512/2/1 130/2/1 114/2/1
f 497/2/1 498/2/1 513/2/1
f 513/2/1 512/2/1 497/2/1
f 498/2/1 499/2/1 514/2/1
f 514/2/1 513/2/1 498/2/1
f 499/2/1 500/2/1 515/2/1
f 515/2/1 514/2/1 499/2/1
f 500/2/1 501/2/1 516/2/1
f 516/2/1 515/2/1 500/2/1
f 501/2/1 502/2/1 517/2/1
f 517/2/1 516/2/1 501/2/1
f 502/2/1 503/2/1 518/2/1
f 518/2/1 517/2/1 502/2/1
f 503/2/4 504/2/4 519/2/4
f 519/2/4 518/2/4 503/2/4
f 504/2/4 505/2/4 520/2/4
f 520/2/4 519/2/4 504/2/4
f 505/2/4 506/2/4 521/2/4
f 521/2/4 520/2/4 505/2/4
f 506/2/4 507/2/4 522/2/4
f 522/2/4 521/2/4 506/2/4
f 522/2/5 523/2/5 524/2/5
f 524/2/5 525/2/5 522/2/5
f 507/2/4 508/2/4 523/2/4
f 523/2/4 522/2/4 507/2/4
f 508/2/4 509/2/4 526/2/4
f 526/2/4 523/2/4 508/2/4
f 526/2/5 527/2/5 528/2/5
f 528/2/5 529/2/5 526/2/5
f 509/2/4 510/2/4 527/2/4
f 527/2/4 526/2/4 509/2/4
f 510/2/4 511/2/4 530/2/4
f 530/2/4 527/2/4 510/2/4
f 130/2/1 512/2/1 531/2/1
f 531/2/1 150/2/1 130/2/1
f 512/2/1 513/2/1 532/2/1
f 532/2/1 531/2/1 512/2/1
f 513/2/1 514/2/1 533/2/1
f 533/2/1 532/2/1 513/2/1
f 514/2/1 515/2/1 534/2/1
f 534/2/1 533/2/1 514/2/1
f 515/2/1 516/2/1 535/2/1
f 535/2/1 534/2/1 515/2/1
f 516/2/1 517/2/1 536/2/1
f 536/2/1 535/2/1 516/2/1
f 517/2/1 518/2/1 537/2/1
f 537/2/1 536/2/1 517/2/1
f 518/2/4 519/2/4 538/2/4
f 538/2/4 537/2/4 518/2/4
f 519/2/4 520/2/4 539/2/4
f 539/2/4 538/2/4 519/2/4
f 520/2/4 521/2/4 540/2/4
f 540/2/4 539/2/4 520/2/4
f 522/2/6 525/2/6 541/2/6
f 541/2/6 542/2/6 522/2/6
f 521/2/4 522/2/4 542/2/4
f 542/2/4 540/2/4 521/2/4
f 525/1/4 524/1/4 543/1/4
f 543/1/4 541/1/4 525/1/4
f 524/2/1 523/2/1 544/2/1
f 544/2/1 543/2/1 524/2/1
f 526/2/6 529/2/6 545/2/6
f 545/2/6 546/2/6 526/2/6
f 523/2/4 526/2/4 546/2/4
f 546/2/4 544/2/4 523/2/4
f 529/1/4 528/1/4 547/1/4
f 547/1/4 545/1/4 529/1/4
f 528/2/1 527/2/1 548/2/1
f 548/2/1 547/2/1 528/2/1
f 530/2/6 549/2/6 550/2/6
f 550/2/6 551/2/6 530/2/6
f 527/2/4 530/2/4 551/2/4
f 551/2/4 548/2/4 527/2/4
f 175/3/1 552/3/1 553/3/1
f 553/3/1 176/3/1 175/3/1
f 175/3/2 150/3/2 531/3/2
f 531/3/2 552/3/2 175/3/2
f 552/3/1 554/3/1 555/3/1
f 555/3/1 553/3/1 552/3/1
f 552/3/2 531/3/2 532/3/2
f 532/3/2 554/3/2 552/3/2
f 554/3/1 556/3/1 557/3/1
f 557/3/1 555/3/1 554/3/1
f 554/3/2 532/3/2 533/3/2
f 533/3/2 556/3/2 554/3/2
f 556/3/1 558/3/1 559/3/1
f 559/3/1 557/3/1 556/3/1
f 556/3/2 533/3/2 534/3/2
f 534/3/2 558/3/2 556/3/2
f 558/3/1 560/3/1 561/3/1
f 561/3/1 559/3/1 558/3/1
f 558/3/2 534/3/2 535/3/2
f 535/3/2 560/3/2 558/3/2
f 560/3/4 535/3/4 562/3/4
f 562/3/4 561/3/4 560/3/4
f 535/2/1 536/2/1 563/2/1
f 563/2/1 562/2/1 535/2/1
f 536/2/1 537/2/1 564/2/1
f 564/2/1 563/2/1 536/2/1
f 537/2/4 538/2/4 565/2/4
f 565/2/4 564/2/4 537/2/4
f 538/2/4 539/2/4 566/2/4
f 566/2/4 565/2/4 538/2/4
f 539/2/4 540/2/4 567/2/4
f 567/2/4 566/2/4 539/2/4
f 540/2/4 542/2/4 568/2/4
f 568/2/4 567/2/4 540/2/4
f 541/2/2 543/2/2 544/2/2
f 544/2/2 542/2/2 541/2/2
f 568/2/5 569/2/5 570/2/5
f 570/2/5 571/2/5 568/2/5
f 542/2/4 544/2/4 569/2/4
f 569/2/4 568/2/4 542/2/4
f 544/2/4 546/2/4 572/2/4
f 572/2/4 569/2/4 544/2/4
f 545/2/2 547/2/2 548/2/2
f 548/2/2 546/2/2 545/2/2
f 572/2/5 573/2/5 574/2/5
f 574/2/5 575/2/5 572/2/5
f 546/2/4 548/2/4 573/2/4
f 573/2/4 572/2/4 546/2/4
f 548/2/4 551/2/4 576/2/4
f 576/2/4 573/2/4 548/2/4
f 176/3/1 553/3/1 577/3/1
f 577/3/1 197/3/1 176/3/1
f 553/4/1 555/4/1 578/4/1
f 578/4/1 577/4/1 553/4/1
f 555/4/1 557/4/1 579/4/1
f 579/4/1 578/4/1 555/4/1
f 557/4/1 559/4/1 580/4/1
f 580/4/1 579/4/1 557/4/1
f 559/3/1 561/3/1 581/3/1
f 581/3/1 580/3/1 559/3/1
f 561/3/4 562/3/4 582/3/4
f 582/3/4 581/3/4 561/3/4
f 562/2/1 563/2/1 583/2/1
f 583/2/1 582/2/1 562/2/1
f 563/2/1 564/2/1 584/2/1
f 584/2/1 583/2/1 563/2/1
f 564/2/4 565/2/4 585/2/4
f 585/2/4 584/2/4 564/2/4
f 565/2/4 566/2/4 586/2/4
f 586/2/4 585/2/4 565/2/4
f 566/2/4 567/2/4 587/2/4
f 587/2/4 586/2/4 566/2/4
f 568/2/6 571/2/6 588/2/6
f 588/2/6 589/2/6 568/2/6
f 567/2/4 568/2/4 589/2/4
f 589/2/4 587/2/4 567/2/4
f 571/1/4 570/1/4 590/1/4
f 590/1/4 588/1/4 571/1/4
f 570/2/1 569/2/1 591/2/1
f 591/2/1 590/2/1 570/2/1
f 572/2/6 575/2/6 592/2/6
f 592/2/6 593/2/6 572/2/6
f 569/2/4 572/2/4 593/2/4
f 593/2/4 591/2/4 569/2/4
f 575/1/4 574/1/4 594/1/4
f 594/1/4 592/1/4 575/1/4
f 574/2/1 573/2/1 595/2/1
f 595/2/1 594/2/1 574/2/1
f 576/2/6 596/2/6 597/2/6
f 597/2/6 598/2/6 576/2/6
f 573/2/4 576/2/4 598/2/4
f 598/2/4 595/2/4 573/2/4
f 197/3/1 577/3/1 599/3/1
f 599/3/1 224/3/1 197/3/1
f 577/3/1 578/3/1 600/3/1
f 600/3/1 599/3/1 577/3/1
f 600/3/5 601/3/5 602/3/5
f 602/3/5 599/3/5 600/3/5
f 578/3/1 579/3/1 603/3/1
f 603/3/1 600/3/1 578/3/1
f 579/3/1 580/3/1 604/3/1
f 604/3/1 603/3/1 579/3/1
f 604/3/5 605/3/5 606/3/5
f 606/3/5 603/3/5 604/3/5
f 580/3/1 581/3/1 607/3/1
f 607/3/1 604/3/1 580/3/1
f 581/3/4 582/3/4 608/3/4
f 608/3/4 607/3/4 581/3/4
f 582/2/1 583/2/1 609/2/1
f 609/2/1 608/2/1 582/2/1
f 583/2/1 584/2/1 610/2/1
f 610/2/1 609/2/1 583/2/1
f 584/2/4 585/2/4 611/2/4
f 611/2/4 610/2/4 584/2/4
f 585/2/4 586/2/4 612/2/4
f 612/2/4 611/2/4 585/2/4
f 586/2/4 587/2/4 613/2/4
f 613/2/4 612/2/4 586/2/4
f 587/2/4 589/2/4 614/2/4
f 614/2/4 613/2/4 587/2/4
f 588/2/2 590/2/2 591/2/2
f 591/2/2 589/2/2 588/2/2
f 614/2/5 615/2/5 616/2/5
f 616/2/5 617/2/5 614/2/5
f 589/2/4 591/2/4 615/2/4
f 615/2/4 614/2/4 589/2/4
f 591/2/4 593/2/4 618/2/4
f 618/2/4 615/2/4 591/2/4
f 592/2/2 594/2/2 595/2/2
f 595/2/2 593/2/2 592/2/2
f 618/2/5 619/2/5 620/2/5
f 620/2/5 621/2/5 618/2/5
f 593/2/4 595/2/4 619/2/4
f 619/2/4 618/2/4 593/2/4
f 595/2/4 598/2/4 622/2/4
f 622/2/4 619/2/4 595/2/4
f 224/3/1 599/3/1 623/3/1
f 623/3/1 247/3/1 224/3/1
f 599/3/4 602/3/4 624/3/4
f 624/3/4 623/3/4 599/3/4
f 600/3/1 603/3/1 625/3/1
f 625/3/1 626/3/1 600/3/1
f 603/3/4 606/3/4 627/3/4
f 627/3/4 625/3/4 603/3/4
f 600/3/3 626/3/3 628/3/3
f 628/3/3 601/3/3 600/3/3
f 604/3/1 607/3/1 629/3/1
f 629/3/1 630/3/1 604/3/1
f 607/3/4 608/3/4 631/3/4
f 631/3/4 629/3/4 607/3/4
f 604/3/3 630/3/3 632/3/3
f 632/3/3 605/3/3 604/3/3
f 602/1/1 601/1/1 628/1/1
f 628/1/1 624/1/1 602/1/1
f 606/1/1 605/1/1 632/1/1
f 632/1/1 627/1/1 606/1/1
f 608/2/1 609/2/1 633/2/1
f 633/2/1 631/2/1 608/2/1
f 609/2/1 610/2/1 634/2/1
f 634/2/1 633/2/1 609/2/1
f 610/2/4 611/2/4 635/2/4
f 635/2/4 634/2/4 610/2/4
f 611/2/4 612/2/4 636/2/4
f 636/2/4 635/2/4 611/2/4
f 612/2/4 613/2/4 637/2/4
f 637/2/4 636/2/4 612/2/4
f 614/2/6 617/2/6 638/2/6
f 638/2/6 639/2/6 614/2/6
f 613/2/4 614/2/4 639/2/4
f 639/2/4 637/2/4 613/2/4
f 617/1/4 616/1/4 640/1/4
f 640/1/4 638/1/4 617/1/4
f 616/2/1 615/2/1 641/2/1
f 641/2/1 640/2/1 616/2/1
f 618/2/6 621/2/6 642/2/6
f 642/2/6 643/2/6 618/2/6
f 615/2/4 618/2/4 643/2/4
f 643/2/4 641/2/4 615/2/4
f 621/1/4 620/1/4 644/1/4
f 644/1/4 642/1/4 621/1/4
f 620/2/1 619/2/1 645/2/1
f 645/2/1 644/2/1 620/2/1
f 622/2/6 646/2/6 647/2/6
f 647/2/6 648/2/6 622/2/6
f 619/2/4 622/2/4 648/2/4
f 648/2/4 645/2/4 619/2/4
f 247/3/1 623/3/1 649/3/1
f 649/3/1 272/3/1 247/3/1
f 623/3/1 626/3/1 650/3/1
f 650/3/1 649/3/1 623/3/1
f 623/3/2 624/3/2 628/3/2
f 628/3/2 626/3/2 623/3/2
f 626/3/1 625/3/1 651/3/1
f 651/3/1 650/3/1 626/3/1
f 625/3/1 630/3/1 652/3/1
f 652/3/1 651/3/1 625/3/1
f 625/3/2 627/3/2 632/3/2
f 632/3/2 630/3/2 625/3/2
f 630/3/1 629/3/1 653/3/1
f 653/3/1 652/3/1 630/3/1
f 629/3/4 631/3/4 654/3/4
f 654/3/4 653/3/4 629/3/4
f 631/2/1 633/2/1 655/2/1
f 655/2/1 654/2/1 631/2/1
f 633/2/1 634/2/1 656/2/1
f 656/2/1 655/2/1 633/2/1
f 634/2/4 635/2/4 657/2/4
f 657/2/4 656/2/4 634/2/4
f 635/2/4 636/2/4 658/2/4
f 658/2/4 657/2/4 635/2/4
f 636/2/4 637/2/4 659/2/4
f 659/2/4 658/2/4 636/2/4
f 637/2/4 639/2/4 660/2/4
f 660/2/4 659/2/4 637/2/4
f 638/2/2 640/2/2 641/2/2
f 641/2/2 639/2/2 638/2/2
f 660/2/5 661/2/5 662/2/5
f 662/2/5 663/2/5 660/2/5
f 639/2/4 641/2/4 661/2/4
f 661/2/4 660/2/4 639/2/4
f 641/2/4 643/2/4 664/2/4
f 664/2/4 661/2/4 641/2/4
f 642/2/2 644/2/2 645/2/2
f 645/2/2 643/2/2 642/2/2
f 664/2/5 665/2/5 666/2/5
f 666/2/5 667/2/5 664/2/5
f 643/2/4 645/2/4 665/2/4
f 665/2/4 664/2/4 643/2/4
f 645/2/4 648/2/4 668/2/4
f 668/2/4 665/2/4 645/2/4
f 272/3/1 649/3/1 669/3/1
f 669/3/1 297/3/1 272/3/1
f 669/3/5 670/3/5 298/3/5
f 298/3/5 297/3/5 669/3/5
f 649/3/1 650/3/1 671/3/1
f 671/3/1 669/3/1 649/3/1
f 671/3/5 672/3/5 670/3/5
f 670/3/5 669/3/5 671/3/5
f 650/3/1 651/3/1 673/3/1
f 673/3/1 671/3/1 650/3/1
f 673/3/5 674/3/5 672/3/5
f 672/3/5 671/3/5 673/3/5
f 651/3/1 652/3/1 675/3/1
f 675/3/1 673/3/1 651/3/1
f 675/3/5 676/3/5 674/3/5
f 674/3/5 673/3/5 675/3/5
f 652/3/1 653/3/1 677/3/1
f 677/3/1 675/3/1 652/3/1
f 677/3/5 678/3/5 676/3/5
f 676/3/5 675/3/5 677/3/5
f 653/3/4 654/3/4 678/3/4
f 678/3/4 677/3/4 653/3/4
f 654/2/1 655/2/1 679/2/1
f 679/2/1 678/2/1 654/2/1
f 655/2/1 656/2/1 680/2/1
f 680/2/1 679/2/1 655/2/1
f 656/2/4 657/2/4 681/2/4
f 681/2/4 680/2/4 656/2/4
f 657/2/4 658/2/4 682/2/4
f 682/2/4 681/2/4 657/2/4
f 658/2/4 659/2/4 683/2/4
f 683/2/4 682/2/4 658/2/4
f 660/2/6 663/2/6 684/2/6
f 684/2/6 685/2/6 660/2/6
f 659/2/4 660/2/4 685/2/4
f 685/2/4 683/2/4 659/2/4
f 663/1/4 662/1/4 686/1/4
f 686/1/4 684/1/4 663/1/4
f 662/2/1 661/2/1 687/2/1
f 687/2/1 686/2/1 662/2/1
f 664/2/6 667/2/6 688/2/6
f 688/2/6 689/2/6 664/2/6
f 661/2/4 664/2/4 689/2/4
f 689/2/4 687/2/4 661/2/4
f 667/1/4 666/1/4 690/1/4
f 690/1/4 688/1/4 667/1/4
f 666/2/1 665/2/1 691/2/1
f 691/2/1 690/2/1 666/2/1
f 668/2/6 692/2/6 693/2/6
f 693/2/6 694/2/6 668/2/6
f 665/2/4 668/2/4 694/2/4
f 694/2/4 691/2/4 665/2/4
f 298/2/1 670/2/1 695/2/1
f 695/2/1 323/2/1 298/2/1
f 670/2/1 672/2/1 696/2/1
f 696/2/1 695/2/1 670/2/1
f 672/2/1 674/2/1 697/2/1
f 697/2/1 696/2/1 672/2/1
f 674/2/1 676/2/1 698/2/1
f 698/2/1 697/2/1 674/2/1
f 676/2/1 678/2/1 699/2/1
f 699/2/1 698/2/1 676/2/1
f 678/2/1 679/2/1 700/2/1
f 700/2/1 699/2/1 678/2/1
f 679/2/1 680/2/1 701/2/1
f 701/2/1 700/2/1 679/2/1
f 680/2/4 681/2/4 702/2/4
f 702/2/4 701/2/4 680/2/4
f 681/2/4 682/2/4 703/2/4
f 703/2/4 702/2/4 681/2/4
f 682/2/4 683/2/4 704/2/4
f 704/2/4 703/2/4 682/2/4
f 683/2/4 685/2/4 705/2/4
f 705/2/4 704/2/4 683/2/4
f 684/2/2 686/2/2 687/2/2
f 687/2/2 685/2/2 684/2/2
f 685/2/4 687/2/4 706/2/4
f 706/2/4 705/2/4 685/2/4
f 687/2/4 689/2/4 707/2/4
f 707/2/4 706/2/4 687/2/4
f 688/2/2 690/2/2 691/2/2
f 691/2/2 689/2/2 688/2/2
f 689/2/4 691/2/4 708/2/4
f 708/2/4 707/2/4 689/2/4
f 691/2/4 694/2/4 709/2/4
f 709/2/4 708/2/4 691/2/4
f 323/2/1 695/2/1 710/2/1
f 710/2/1 345/2/1 323/2/1
f 710/2/5 711/2/5 346/2/5
f 346/2/5 345/2/5 710/2/5
f 695/2/1 696/2/1 712/2/1
f 712/2/1 710/2/1 695/2/1
f 712/2/5 713/2/5 711/2/5
f 711/2/5 710/2/5 712/2/5
f 696/2/1 697/2/1 714/2/1
f 714/2/1 712/2/1 696/2/1
f 714/2/5 715/2/5 713/2/5
f 713/2/5 712/2/5 714/2/5
f 697/2/1 698/2/1 716/2/1
f 716/2/1 714/2/1 697/2/1
f 716/2/5 717/2/5 715/2/5
f 715/2/5 714/2/5 716/2/5
f 698/2/1 699/2/1 718/2/1
f 718/2/1 716/2/1 698/2/1
f 718/2/5 719/2/5 717/2/5
f 717/2/5 716/2/5 718/2/5
f 699/2/1 700/2/1 720/2/1
f 720/2/1 718/2/1 699/2/1
f 720/2/5 721/2/5 719/2/5
f 719/2/5 718/2/5 720/2/5
f 700/2/1 701/2/1 722/2/1
f 722/2/1 720/2/1 700/2/1
f 722/2/5 723/2/5 721/2/5
f 721/2/5 720/2/5 722/2/5
f 701/2/4 702/2/4 723/2/4
f 723/2/4 722/2/4 701/2/4
f 711/6/5 724/6/5 354/6/5
f 354/6/5 346/6/5 711/6/5
f 713/6/5 725/6/5 724/6/5
f 724/6/5 711/6/5 713/6/5
f 715/5/5 726/5/5 725/5/5
f 725/5/5 713/5/5 715/5/5
f 717/5/5 727/5/5 726/5/5
f 726/5/5 715/5/5 717/5/5
f 719/5/5 728/5/5 727/5/5
f 727/5/5 717/5/5 719/5/5
f 721/5/5 729/5/5 728/5/5
f 728/5/5 719/5/5 721/5/5
f 723/2/5 730/2/5 729/2/5
f 729/2/5 721/2/5 723/2/5
f 702/2/4 703/2/4 730/2/4
f 730/2/4 723/2/4 702/2/4
f 724/2/5 731/2/5 362/2/5
f 362/2/5 354/2/5 724/2/5
f 725/2/5 732/2/5 731/2/5
f 731/2/5 724/2/5 725/2/5
f 726/2/5 733/2/5 732/2/5
f 732/2/5 725/2/5 726/2/5
f 727/2/5 734/2/5 733/2/5
f 733/2/5 726/2/5 727/2/5
f 728/2/5 735/2/5 734/2/5
f 734/2/5 727/2/5 728/2/5
f 729/5/5 736/5/5 735/5/5
f 735/5/5 728/5/5 729/5/5
f 730/2/5 737/2/5 736/2/5
f 736/2/5 729/2/5 730/2/5
f 703/2/4 704/2/4 737/2/4
f 737/2/4 730/2/4 703/2/4
f 731/1/5 738/1/5 370/1/5
f 370/1/5 362/1/5 731/1/5
f 732/1/5 739/1/5 738/1/5
f 738/1/5 731/1/5 732/1/5
f 733/2/5 740/2/5 739/2/5
f 739/2/5 732/2/5 733/2/5
f 734/2/5 741/2/5 740/2/5
f 740/2/5 733/2/5 734/2/5
f 735/2/5 742/2/5 741/2/5
f 741/2/5 734/2/5 735/2/5
f 736/5/5 743/5/5 742/5/5
f 742/5/5 735/5/5 736/5/5
f 737/2/5 744/2/5 743/2/5
f 743/2/5 736/2/5 737/2/5
f 704/2/4 705/2/4 744/2/4
f 744/2/4 737/2/4 704/2/4
f 738/1/5 745/1/5 378/1/5
f 378/1/5 370/1/5 738/1/5
f 739/1/5 746/1/5 745/1/5
f 745/1/5 738/1/5 739/1/5
f 740/1/5 747/1/5 746/1/5
f 746/1/5 739/1/5 740/1/5
f 741/2/5 748/2/5 747/2/5
f 747/2/5 740/2/5 741/2/5
f 742/2/5 749/2/5 748/2/5
f 748/2/5 741/2/5 742/2/5
f 743/5/5 750/5/5 749/5/5
f 749/5/5 742/5/5 743/5/5
f 744/2/5 751/2/5 750/2/5
f 750/2/5 743/2/5 744/2/5
f 705/2/4 706/2/4 751/2/4
f 751/2/4 744/2/4 705/2/4
f 745/1/5 752/1/5 386/1/5
f 386/1/5 378/1/5 745/1/5
f 746/1/5 753/1/5 752/1/5
f 752/1/5 745/1/5 746/1/5
f 747/1/5 754/1/5 753/1/5
f 753/1/5 746/1/5 747/1/5
f 748/1/5 755/1/5 754/1/5
f 754/1/5 747/1/5 748/1/5
f 749/2/5 756/2/5 755/2/5
f 755/2/5 748/2/5 749/2/5
f 750/5/5 757/5/5 756/5/5
f 756/5/5 749/5/5 750/5/5
f 751/2/5 758/2/5 757/2/5
f 757/2/5 750/2/5 751/2/5
f 706/2/4 707/2/4 758/2/4
f 758/2/4 751/2/4 706/2/4
f 752/3/5 759/3/5 394/3/5
f 394/3/5 386/3/5 752/3/5
f 753/1/5 760/1/5 759/1/5
f 759/1/5 752/1/5 753/1/5
f 754/1/5 761/1/5 760/1/5
f 760/1/5 753/1/5 754/1/5
f 755/1/5 762/1/5 761/1/5
f 761/1/5 754/1/5 755/1/5
f 756/2/5 763/2/5 762/2/5
f 762/2/5 755/2/5 756/2/5
f 757/5/5 764/5/5 763/5/5
f 763/5/5 756/5/5 757/5/5
f 758/2/5 765/2/5 764/2/5
f 764/2/5 757/2/5 758/2/5
f 707/2/4 708/2/4 765/2/4
f 765/2/4 758/2/4 707/2/4
f 759/1/5 766/1/5 402/1/5
f 402/1/5 394/1/5 759/1/5
f 760/3/5 767/3/5 766/3/5
f 766/3/5 759/3/5 760/3/5
f 761/1/5 768/1/5 767/1/5
f 767/1/5 760/1/5 761/1/5
f 762/1/5 769/1/5 768/1/5
f 768/1/5 761/1/5 762/1/5
f 763/2/5 770/2/5 769/2/5
f 769/2/5 762/2/5 763/2/5
f 764/5/5 771/5/5 770/5/5
f 770/5/5 763/5/5 764/5/5
f 765/2/5 772/2/5 771/2/5
f 771/2/5 764/2/5 765/2/5
f 708/2/4 709/2/4 772/2/4
f 772/2/4 765/2/4 708/2/4
f 78/1/2 773/1/2 774/1/2
f 774/1/2 79/1/2 78/1/2
f 78/1/3 80/1/3 775/1/3
f 775/1/3 773/1/3 78/1/3
f 79/1/2 774/1/2 776/1/2
f 776/1/2 81/1/2 79/1/2
f 81/1/2 776/1/2 777/1/2
f 777/1/2 82/1/2 81/1/2
f 82/1/2 777/1/2 778/1/2
f 778/1/2 83/1/2 82/1/2
f 83/1/2 778/1/2 779/1/2
f 779/1/2 84/1/2 83/1/2
f 84/1/2 779/1/2 780/1/2
f 780/1/2 85/1/2 84/1/2
f 85/1/2 780/1/2 781/1/2
f 781/1/2 86/1/2 85/1/2
f 773/1/2 782/1/2 783/1/2
f 783/1/2 774/1/2 773/1/2
f 773/1/3 775/1/3 784/1/3
f 784/1/3 782/1/3 773/1/3
f 774/1/2 783/1/2 785/1/2
f 785/1/2 776/1/2 774/1/2
f 776/1/2 785/1/2 786/1/2
f 786/1/2 777/1/2 776/1/2
f 777/1/2 786/1/2 787/1/2
f 787/1/2 778/1/2 777/1/2
f 778/1/2 787/1/2 788/1/2
f 788/1/2 779/1/2 778/1/2
f 779/1/2 788/1/2 789/1/2
f 789/1/2 780/1/2 779/1/2
f 780/1/2 789/1/2 790/1/2
f 790/1/2 781/1/2 780/1/2
f 782/1/2 791/1/2 792/1/2
f 792/1/2 783/1/2 782/1/2
f 782/1/3 784/1/3 793/1/3
f 793/1/3 791/1/3 782/1/3
f 783/1/2 792/1/2 794/1/2
f 794/1/2 785/1/2 783/1/2
f 785/1/2 794/1/2 795/1/2
f 795/1/2 786/1/2 785/1/2
f 786/1/2 795/1/2 796/1/2
f 796/1/2 787/1/2 786/1/2
f 787/1/2 796/1/2 797/1/2
f 797/1/2 788/1/2 787/1/2
f 788/1/2 797/1/2 798/1/2
f 798/1/2 789/1/2 788/1/2
f 789/1/2 798/1/2 799/1/2
f 799/1/2 790/1/2 789/1/2
f 791/1/2 800/1/2 801/1/2
f 801/1/2 792/1/2 791/1/2
f 791/1/3 793/1/3 802/1/3
f 802/1/3 800/1/3 791/1/3
f 792/1/2 801/1/2 803/1/2
f 803/1/2 794/1/2 792/1/2
f 794/1/2 803/1/2 804/1/2
f 804/1/2 795/1/2 794/1/2
f 795/1/2 804/1/2 805/1/2
f 805/1/2 796/1/2 795/1/2
f 796/1/2 805/1/2 806/1/2
f 806/1/2 797/1/2 796/1/2
f 797/1/2 806/1/2 807/1/2
f 807/1/2 798/1/2 797/1/2
f 798/1/2 807/1/2 808/1/2
f 808/1/2 799/1/2 798/1/2
f 800/1/2 809/1/2 810/1/2
f 810/1/2 801/1/2 800/1/2
f 800/1/3 802/1/3 811/1/3
f 811/1/3 809/1/3 800/1/3
f 801/1/2 810/1/2 812/1/2
f 812/1/2 803/1/2 801/1/2
f 803/1/2 812/1/2 813/1/2
f 813/1/2 804/1/2 803/1/2
f 804/1/2 813/1/2 814/1/2
f 814/1/2 805/1/2 804/1/2
f 805/1/2 814/1/2 815/1/2
f 815/1/2 806/1/2 805/1/2
f 806/1/2 815/1/2 816/1/2
f 816/1/2 807/1/2 806/1/2
f 807/1/2 816/1/2 817/1/2
f 817/1/2 808/1/2 807/1/2
f 818/1/6 819/1/6 820/1/6
f 820/1/6 821/1/6 818/1/6
f 809/1/2 819/1/2 818/1/2
f 818/1/2 810/1/2 809/1/2
f 809/1/3 811/1/3 820/1/3
f 820/1/3 819/1/3 809/1/3
f 822/1/6 818/1/6 821/1/6
f 821/1/6 823/1/6 822/1/6
f 810/1/2 818/1/2 822/1/2
f 822/1/2 812/1/2 810/1/2
f 824/1/6 822/1/6 823/1/6
f 823/1/6 825/1/6 824/1/6
f 812/1/2 822/1/2 824/1/2
f 824/1/2 813/1/2 812/1/2
f 826/1/6 824/1/6 825/1/6
f 825/1/6 827/1/6 826/1/6
f 813/1/2 824/1/2 826/1/2
f 826/1/2 814/1/2 813/1/2
f 828/1/6 826/1/6 827/1/6
f 827/1/6 829/1/6 828/1/6
f 814/1/2 826/1/2 828/1/2
f 828/1/2 815/1/2 814/1/2
f 830/1/6 828/1/6 829/1/6
f 829/1/6 831/1/6 830/1/6
f 815/1/2 828/1/2 830/1/2
f 830/1/2 816/1/2 815/1/2
f 832/1/6 830/1/6 831/1/6
f 831/1/6 833/1/6 832/1/6
f 816/1/2 830/1/2 832/1/2
f 832/1/2 817/1/2 816/1/2
f 80/1/3 105/1/3 834/1/3
f 834/1/3 775/1/3 80/1/3
f 775/1/3 834/1/3 835/1/3
f 835/1/3 784/1/3 775/1/3
f 784/1/3 835/1/3 836/1/3
f 836/1/3 793/1/3 784/1/3
f 793/1/3 836/1/3 837/1/3
f 837/1/3 802/1/3 793/1/3
f 802/1/3 837/1/3 838/1/3
f 838/1/3 811/1/3 802/1/3
f 821/1/6 820/1/6 839/1/6
f 839/1/6 840/1/6 821/1/6
f 811/1/3 838/1/3 839/1/3
f 839/1/3 820/1/3 811/1/3
f 823/1/6 821/1/6 840/1/6
f 840/1/6 841/1/6 823/1/6
f 825/1/6 823/1/6 841/1/6
f 841/1/6 842/1/6 825/1/6
f 827/1/6 825/1/6 842/1/6
f 842/1/6 843/1/6 827/1/6
f 829/1/6 827/1/6 843/1/6
f 843/1/6 844/1/6 829/1/6
f 831/1/6 829/1/6 844/1/6
f 844/1/6 845/1/6 831/1/6
f 833/1/6 831/1/6 845/1/6
f 845/1/6 846/1/6 833/1/6
f 105/2/3 121/2/3 847/2/3
f 847/2/3 834/2/3 105/2/3
f 834/2/3 847/2/3 848/2/3
f 848/2/3 835/2/3 834/2/3
f 835/2/3 848/2/3 849/2/3
f 849/2/3 836/2/3 835/2/3
f 836/2/3 849/2/3 850/2/3
f 850/2/3 837/2/3 836/2/3
f 837/2/3 850/2/3 851/2/3
f 851/2/3 838/2/3 837/2/3
f 840/2/6 839/2/6 852/2/6
f 852/2/6 853/2/6 840/2/6
f 838/2/3 851/2/3 852/2/3
f 852/2/3 839/2/3 838/2/3
f 841/2/6 840/2/6 853/2/6
f 853/2/6 854/2/6 841/2/6
f 842/2/6 841/2/6 854/2/6
f 854/2/6 855/2/6 842/2/6
f 856/2/5 855/2/5 854/2/5
f 854/2/5 857/2/5 856/2/5
f 843/2/6 842/2/6 855/2/6
f 855/2/6 858/2/6 843/2/6
f 859/2/5 858/2/5 855/2/5
f 855/2/5 856/2/5 859/2/5
f 844/2/6 843/2/6 858/2/6
f 858/2/6 860/2/6 844/2/6
f 861/2/5 860/2/5 858/2/5
f 858/2/5 859/2/5 861/2/5
f 845/2/6 844/2/6 860/2/6
f 860/2/6 862/2/6 845/2/6
f 863/2/5 862/2/5 860/2/5
f 860/2/5 861/2/5 863/2/5
f 846/2/6 845/2/6 862/2/6
f 862/2/6 864/2/6 846/2/6
f 865/2/5 864/2/5 862/2/5
f 862/2/5 863/2/5 865/2/5
f 161/2/5 866/2/5 867/2/5
f 867/2/5 141/2/5 161/2/5
f 121/2/3 141/2/3 867/2/3
f 867/2/3 847/2/3 121/2/3
f 847/2/3 867/2/3 868/2/3
f 868/2/3 848/2/3 847/2/3
f 869/2/5 870/2/5 871/2/5
f 871/2/5 868/2/5 869/2/5
f 848/2/3 868/2/3 871/2/3
f 871/2/3 849/2/3 848/2/3
f 849/2/3 871/2/3 872/2/3
f 872/2/3 850/2/3 849/2/3
f 850/2/3 872/2/3 873/2/3
f 873/2/3 851/2/3 850/2/3
f 856/2/6 857/2/6 874/2/6
f 874/2/6 875/2/6 856/2/6
f 859/2/6 856/2/6 875/2/6
f 875/2/6 876/2/6 859/2/6
f 861/2/6 859/2/6 876/2/6
f 876/2/6 877/2/6 861/2/6
f 863/2/6 861/2/6 877/2/6
f 877/2/6 878/2/6 863/2/6
f 865/2/6 863/2/6 878/2/6
f 878/2/6 879/2/6 865/2/6
f 853/2/6 852/2/6 880/2/6
f 880/2/6 881/2/6 853/2/6
f 851/2/3 873/2/3 880/2/3
f 880/2/3 852/2/3 851/2/3
f 854/2/6 853/2/6 881/2/6
f 881/2/6 882/2/6 854/2/6
f 857/2/4 854/2/4 882/2/4
f 882/2/4 874/2/4 857/2/4
f 161/1/3 163/1/3 883/1/3
f 883/1/3 866/1/3 161/1/3
f 867/2/1 866/2/1 883/2/1
f 883/2/1 884/2/1 867/2/1
f 869/2/6 868/2/6 885/2/6
f 885/2/6 886/2/6 869/2/6
f 867/2/3 884/2/3 885/2/3
f 885/2/3 868/2/3 867/2/3
f 869/1/3 886/1/3 887/1/3
f 887/1/3 870/1/3 869/1/3
f 871/2/1 870/2/1 887/2/1
f 887/2/1 888/2/1 871/2/1
f 871/2/3 888/2/3 889/2/3
f 889/2/3 872/2/3 871/2/3
f 872/2/3 889/2/3 890/2/3
f 890/2/3 873/2/3 872/2/3
f 875/1/6 874/1/6 891/1/6
f 891/1/6 892/1/6 875/1/6
f 876/1/6 875/1/6 892/1/6
f 892/1/6 893/1/6 876/1/6
f 877/1/6 876/1/6 893/1/6
f 893/1/6 894/1/6 877/1/6
f 878/2/6 877/2/6 894/2/6
f 894/2/6 895/2/6 878/2/6
f 879/1/6 878/1/6 895/1/6
f 895/1/6 896/1/6 879/1/6
f 881/2/6 880/2/6 897/2/6
f 897/2/6 898/2/6 881/2/6
f 873/2/3 890/2/3 897/2/3
f 897/2/3 880/2/3 873/2/3
f 882/2/6 881/2/6 898/2/6
f 898/2/6 899/2/6 882/2/6
f 874/2/4 882/2/4 899/2/4
f 899/2/4 891/2/4 874/2/4
f 162/2/2 884/2/2 883/2/2
f 883/2/2 163/2/2 162/2/2
f 211/2/5 900/2/5 901/2/5
f 901/2/5 190/2/5 211/2/5
f 162/2/3 190/2/3 901/2/3
f 901/2/3 884/2/3 162/2/3
f 884/2/3 901/2/3 902/2/3
f 902/2/3 885/2/3 884/2/3
f 885/2/2 888/2/2 887/2/2
f 887/2/2 886/2/2 885/2/2
f 903/2/5 904/2/5 905/2/5
f 905/2/5 902/2/5 903/2/5
f 885/2/3 902/2/3 905/2/3
f 905/2/3 888/2/3 885/2/3
f 888/2/3 905/2/3 906/2/3
f 906/2/3 889/2/3 888/2/3
f 889/2/3 906/2/3 907/2/3
f 907/2/3 890/2/3 889/2/3
f 892/2/6 891/2/6 908/2/6
f 908/2/6 909/2/6 892/2/6
f 893/2/6 892/2/6 909/2/6
f 909/2/6 910/2/6 893/2/6
f 894/2/6 893/2/6 910/2/6
f 910/2/6 911/2/6 894/2/6
f 895/2/6 894/2/6 911/2/6
f 911/2/6 912/2/6 895/2/6
f 896/2/6 895/2/6 912/2/6
f 912/2/6 913/2/6 896/2/6
f 898/2/6 897/2/6 914/2/6
f 914/2/6 915/2/6 898/2/6
f 890/2/3 907/2/3 914/2/3
f 914/2/3 897/2/3 890/2/3
f 899/2/6 898/2/6 915/2/6
f 915/2/6 916/2/6 899/2/6
f 891/2/4 899/2/4 916/2/4
f 916/2/4 908/2/4 891/2/4
f 211/1/3 213/1/3 917/1/3
f 917/1/3 900/1/3 211/1/3
f 901/2/1 900/2/1 917/2/1
f 917/2/1 918/2/1 901/2/1
f 903/2/6 902/2/6 919/2/6
f 919/2/6 920/2/6 903/2/6
f 901/2/3 918/2/3 919/2/3
f 919/2/3 902/2/3 901/2/3
f 903/1/3 920/1/3 921/1/3
f 921/1/3 904/1/3 903/1/3
f 905/2/1 904/2/1 921/2/1
f 921/2/1 922/2/1 905/2/1
f 905/2/3 922/2/3 923/2/3
f 923/2/3 906/2/3 905/2/3
f 906/2/3 923/2/3 924/2/3
f 924/2/3 907/2/3 906/2/3
f 915/2/6 914/2/6 925/2/6
f 925/2/6 926/2/6 915/2/6
f 907/2/3 924/2/3 925/2/3
f 925/2/3 914/2/3 907/2/3
f 916/2/6 915/2/6 926/2/6
f 926/2/6 927/2/6 916/2/6
f 928/2/6 916/2/6 927/2/6
f 927/2/6 929/2/6 928/2/6
f 908/2/2 916/2/2 928/2/2
f 928/2/2 909/2/2 908/2/2
f 930/2/6 928/2/6 929/2/6
f 929/2/6 931/2/6 930/2/6
f 909/2/2 928/2/2 930/2/2
f 930/2/2 910/2/2 909/2/2
f 932/2/6 930/2/6 931/2/6
f 931/2/6 933/2/6 932/2/6
f 910/2/2 930/2/2 932/2/2
f 932/2/2 911/2/2 910/2/2
f 934/2/6 932/2/6 933/2/6
f 933/2/6 935/2/6 934/2/6
f 911/2/2 932/2/2 934/2/2
f 934/2/2 912/2/2 911/2/2
f 936/2/6 934/2/6 935/2/6
f 935/2/6 937/2/6 936/2/6
f 912/2/2 934/2/2 936/2/2
f 936/2/2 913/2/2 912/2/2
f 212/2/2 918/2/2 917/2/2
f 917/2/2 213/2/2 212/2/2
f 263/2/5 938/2/5 939/2/5
f 939/2/5 238/2/5 263/2/5
f 212/2/3 238/2/3 939/2/3
f 939/2/3 918/2/3 212/2/3
f 918/2/3 939/2/3 940/2/3
f 940/2/3 919/2/3 918/2/3
f 919/2/2 922/2/2 921/2/2
f 921/2/2 920/2/2 919/2/2
f 941/2/5 942/2/5 943/2/5
f 943/2/5 940/2/5 941/2/5
f 919/2/3 940/2/3 943/2/3
f 943/2/3 922/2/3 919/2/3
f 922/2/3 943/2/3 944/2/3
f 944/2/3 923/2/3 922/2/3
f 923/2/3 944/2/3 945/2/3
f 945/2/3 924/2/3 923/2/3
f 926/2/6 925/2/6 946/2/6
f 946/2/6 947/2/6 926/2/6
f 924/2/3 945/2/3 946/2/3
f 946/2/3 925/2/3 924/2/3
f 927/2/6 926/2/6 947/2/6
f 947/2/6 948/2/6 927/2/6
f 929/2/6 927/2/6 948/2/6
f 948/2/6 949/2/6 929/2/6
f 931/2/6 929/2/6 949/2/6
f 949/2/6 950/2/6 931/2/6
f 933/2/6 931/2/6 950/2/6
f 950/2/6 951/2/6 933/2/6
f 935/2/6 933/2/6 951/2/6
f 951/2/6 952/2/6 935/2/6
f 937/2/6 935/2/6 952/2/6
f 952/2/6 953/2/6 937/2/6
f 263/1/3 265/1/3 954/1/3
f 954/1/3 938/1/3 263/1/3
f 939/2/1 938/2/1 954/2/1
f 954/2/1 955/2/1 939/2/1
f 941/2/6 940/2/6 956/2/6
f 956/2/6 957/2/6 941/2/6
f 939/2/3 955/2/3 956/2/3
f 956/2/3 940/2/3 939/2/3
f 941/1/3 957/1/3 958/1/3
f 958/1/3 942/1/3 941/1/3
f 943/2/1 942/2/1 958/2/1
f 958/2/1 959/2/1 943/2/1
f 943/2/3 959/2/3 960/2/3
f 960/2/3 944/2/3 943/2/3
f 944/2/3 960/2/3 961/2/3
f 961/2/3 945/2/3 944/2/3
f 947/2/6 946/2/6 962/2/6
f 962/2/6 963/2/6 947/2/6
f 945/2/3 961/2/3 962/2/3
f 962/2/3 946/2/3 945/2/3
f 948/2/6 947/2/6 963/2/6
f 963/2/6 964/2/6 948/2/6
f 949/2/6 948/2/6 964/2/6
f 964/2/6 965/2/6 949/2/6
f 950/2/6 949/2/6 965/2/6
f 965/2/6 966/2/6 950/2/6
f 951/2/6 950/2/6 966/2/6
f 966/2/6 967/2/6 951/2/6
f 952/2/6 951/2/6 967/2/6
f 967/2/6 968/2/6 952/2/6
f 953/2/6 952/2/6 968/2/6
f 968/2/6 969/2/6 953/2/6
f 264/2/2 955/2/2 954/2/2
f 954/2/2 265/2/2 264/2/2
f 312/2/5 970/2/5 971/2/5
f 971/2/5 286/2/5 312/2/5
f 264/2/3 286/2/3 971/2/3
f 971/2/3 955/2/3 264/2/3
f 955/2/3 971/2/3 972/2/3
f 972/2/3 956/2/3 955/2/3
f 956/2/2 959/2/2 958/2/2
f 958/2/2 957/2/2 956/2/2
f 973/2/5 974/2/5 975/2/5
f 975/2/5 972/2/5 973/2/5
f 956/2/3 972/2/3 975/2/3
f 975/2/3 959/2/3 956/2/3
f 959/2/3 975/2/3 976/2/3
f 976/2/3 960/2/3 959/2/3
f 960/2/3 976/2/3 977/2/3
f 977/2/3 961/2/3 960/2/3
f 963/2/6 962/2/6 978/2/6
f 978/2/6 979/2/6 963/2/6
f 961/2/3 977/2/3 978/2/3
f 978/2/3 962/2/3 961/2/3
f 964/2/6 963/2/6 979/2/6
f 979/2/6 980/2/6 964/2/6
f 965/2/6 964/2/6 980/2/6
f 980/2/6 981/2/6 965/2/6
f 966/2/6 965/2/6 981/2/6
f 981/2/6 982/2/6 966/2/6
f 967/2/6 966/2/6 982/2/6
f 982/2/6 983/2/6 967/2/6
f 968/2/6 967/2/6 983/2/6
f 983/2/6 984/2/6 968/2/6
f 969/2/6 968/2/6 984/2/6
f 984/2/6 985/2/6 969/2/6
f 312/1/3 314/1/3 986/1/3
f 986/1/3 970/1/3 312/1/3
f 971/2/1 970/2/1 986/2/1
f 986/2/1 987/2/1 971/2/1
f 973/2/6 972/2/6 988/2/6
f 988/2/6 989/2/6 973/2/6
f 971/2/3 987/2/3 988/2/3
f 988/2/3 972/2/3 971/2/3
f 973/1/3 989/1/3 990/1/3
f 990/1/3 974/1/3 973/1/3
f 975/2/1 974/2/1 990/2/1
f 990/2/1 991/2/1 975/2/1
f 975/2/3 991/2/3 992/2/3
f 992/2/3 976/2/3 975/2/3
f 976/2/3 992/2/3 993/2/3
f 993/2/3 977/2/3 976/2/3
f 979/2/6 978/2/6 994/2/6
f 994/2/6 995/2/6 979/2/6
f 977/2/3 993/2/3 994/2/3
f 994/2/3 978/2/3 977/2/3
f 980/2/6 979/2/6 995/2/6
f 995/2/6 996/2/6 980/2/6
f 981/2/6 980/2/6 996/2/6
f 996/2/6 997/2/6 981/2/6
f 982/2/6 981/2/6 997/2/6
f 997/2/6 998/2/6 982/2/6
f 983/2/6 982/2/6 998/2/6
f 998/2/6 999/2/6 983/2/6
f 984/2/6 983/2/6 999/2/6
f 999/2/6 1000/2/6 984/2/6
f 985/2/6 984/2/6 1000/2/6
f 1000/2/6 1001/2/6 985/2/6
f 313/2/2 987/2/2 986/2/2
f 986/2/2 314/2/2 313/2/2
f 313/2/3 330/2/3 1002/2/3
f 1002/2/3 987/2/3 313/2/3
f 987/2/3 1002/2/3 1003/2/3
f 1003/2/3 988/2/3 987/2/3
f 988/2/2 991/2/2 990/2/2
f 990/2/2 989/2/2 988/2/2
f 988/2/3 1003/2/3 1004/2/3
f 1004/2/3 991/2/3 988/2/3
f 991/2/3 1004/2/3 1005/2/3
f 1005/2/3 992/2/3 991/2/3
f 992/2/3 1005/2/3 1006/2/3
f 1006/2/3 993/2/3 992/2/3
f 995/2/6 994/2/6 1007/2/6
f 1007/2/6 1008/2/6 995/2/6
f 993/2/3 1006/2/3 1007/2/3
f 1007/2/3 994/2/3 993/2/3
f 996/2/6 995/2/6 1008/2/6
f 1008/2/6 1009/2/6 996/2/6
f 997/2/6 996/2/6 1009/2/6
f 1009/2/6 1010/2/6 997/2/6
f 998/2/6 997/2/6 1010/2/6
f 1010/2/6 1011/2/6 998/2/6
f 999/2/6 998/2/6 1011/2/6
f 1011/2/6 1012/2/6 999/2/6
f 1000/2/6 999/2/6 1012/2/6
f 1012/2/6 1013/2/6 1000/2/6
f 1001/2/6 1000/2/6 1013/2/6
f 1013/2/6 1014/2/6 1001/2/6
f 395/2/5 1015/2/5 1016/2/5
f 1016/2/5 396/2/5 395/2/5
f 330/2/3 396/2/3 1016/2/3
f 1016/2/3 1002/2/3 330/2/3
f 397/5/5 1017/5/5 1015/5/5
f 1015/5/5 395/5/5 397/5/5
f 398/2/5 1018/2/5 1017/2/5
f 1017/2/5 397/2/5 398/2/5
f 399/1/5 1019/1/5 1018/1/5
f 1018/1/5 398/1/5 399/1/5
f 400/1/5 1020/1/5 1019/1/5
f 1019/1/5 399/1/5 400/1/5
f 401/1/5 1021/1/5 1020/1/5
f 1020/1/5 400/1/5 401/1/5
f 402/1/5 1022/1/5 1021/1/5
f 1021/1/5 401/1/5 402/1/5
f 1015/2/5 1023/2/5 1024/2/5
f 1024/2/5 1016/2/5 1015/2/5
f 1002/2/3 1016/2/3 1024/2/3
f 1024/2/3 1003/2/3 1002/2/3
f 1017/5/5 1025/5/5 1023/5/5
f 1023/5/5 1015/5/5 1017/5/5
f 1018/2/5 1026/2/5 1025/2/5
f 1025/2/5 1017/2/5 1018/2/5
f 1019/2/5 1027/2/5 1026/2/5
f 1026/2/5 1018/2/5 1019/2/5
f 1020/1/5 1028/1/5 1027/1/5
f 1027/1/5 1019/1/5 1020/1/5
f 1021/1/5 1029/1/5 1028/1/5
f 1028/1/5 1020/1/5 1021/1/5
f 1022/1/5 1030/1/5 1029/1/5
f 1029/1/5 1021/1/5 1022/1/5
f 1023/2/5 1031/2/5 1032/2/5
f 1032/2/5 1024/2/5 1023/2/5
f 1003/2/3 1024/2/3 1032/2/3
f 1032/2/3 1004/2/3 1003/2/3
f 1025/3/5 1033/3/5 1031/3/5
f 1031/3/5 1023/3/5 1025/3/5
f 1026/3/5 1034/3/5 1033/3/5
f 1033/3/5 1025/3/5 1026/3/5
f 1027/2/5 1035/2/5 1034/2/5
f 1034/2/5 1026/2/5 1027/2/5
f 1028/2/5 1036/2/5 1035/2/5
f 1035/2/5 1027/2/5 1028/2/5
f 1029/1/5 1037/1/5 1036/1/5
f 1036/1/5 1028/1/5 1029/1/5
f 1030/1/5 1038/1/5 1037/1/5
f 1037/1/5 1029/1/5 1030/1/5
f 1031/2/5 1039/2/5 1040/2/5
f 1040/2/5 1032/2/5 1031/2/5
f 1004/2/3 1032/2/3 1040/2/3
f 1040/2/3 1005/2/3 1004/2/3
f 1033/3/5 1041/3/5 1039/3/5
f 1039/3/5 1031/3/5 1033/3/5
f 1034/3/5 1042/3/5 1041/3/5
f 1041/3/5 1033/3/5 1034/3/5
f 1035/2/5 1043/2/5 1042/2/5
f 1042/2/5 1034/2/5 1035/2/5
f 1036/2/5 1044/2/5 1043/2/5
f 1043/2/5 1035/2/5 1036/2/5
f 1037/2/5 1045/2/5 1044/2/5
f 1044/2/5 1036/2/5 1037/2/5
f 1038/2/5 1046/2/5 1045/2/5
f 1045/2/5 1037/2/5 1038/2/5
f 1039/2/5 1047/2/5 1048/2/5
f 1048/2/5 1040/2/5 1039/2/5
f 1005/2/3 1040/2/3 1048/2/3
f 1048/2/3 1006/2/3 1005/2/3
f 1041/5/5 1049/5/5 1047/5/5
f 1047/5/5 1039/5/5 1041/5/5
f 1042/2/5 1050/2/5 1049/2/5
f 1049/2/5 1041/2/5 1042/2/5
f 1043/2/5 1051/2/5 1050/2/5
f 1050/2/5 1042/2/5 1043/2/5
f 1044/2/5 1052/2/5 1051/2/5
f 1051/2/5 1043/2/5 1044/2/5
f 1045/2/5 1053/2/5 1052/2/5
f 1052/2/5 1044/2/5 1045/2/5
f 1046/2/5 1054/2/5 1053/2/5
f 1053/2/5 1045/2/5 1046/2/5
f 1008/2/6 1007/2/6 1055/2/6
f 1055/2/6 1056/2/6 1008/2/6
f 1047/2/5 1056/2/5 1055/2/5
f 1055/2/5 1048/2/5 1047/2/5
f 1006/2/3 1048/2/3 1055/2/3
f 1055/2/3 1007/2/3 1006/2/3
f 1009/5/6 1008/5/6 1056/5/6
f 1056/5/6 1057/5/6 1009/5/6
f 1049/5/5 1057/5/5 1056/5/5
f 1056/5/5 1047/5/5 1049/5/5
f 1010/2/6 1009/2/6 1057/2/6
f 1057/2/6 1058/2/6 1010/2/6
f 1050/2/5 1058/2/5 1057/2/5
f 1057/2/5 1049/2/5 1050/2/5
f 1011/2/6 1010/2/6 1058/2/6
f 1058/2/6 1059/2/6 1011/2/6
f 1051/2/5 1059/2/5 1058/2/5
f 1058/2/5 1050/2/5 1051/2/5
f 1012/2/6 1011/2/6 1059/2/6
f 1059/2/6 1060/2/6 1012/2/6
f 1052/2/5 1060/2/5 1059/2/5
f 1059/2/5 1051/2/5 1052/2/5
f 1013/2/6 1012/2/6 1060/2/6
f 1060/2/6 1061/2/6 1013/2/6
f 1053/2/5 1061/2/5 1060/2/5
f 1060/2/5 1052/2/5 1053/2/5
f 1014/2/6 1013/2/6 1061/2/6
f 1061/2/6 1062/2/6 1014/2/6
f 1054/2/5 1062/2/5 1061/2/5
f 1061/2/5 1053/2/5 1054/2/5
f 86/1/2 781/1/2 1063/1/2
f 1063/1/2 472/1/2 86/1/2
f 472/1/2 1063/1/2 1064/1/2
f 1064/1/2 473/1/2 472/1/2
f 473/1/2 1064/1/2 1065/1/2
f 1065/1/2 474/1/2 473/1/2
f 474/1/2 1065/1/2 1066/1/2
f 1066/1/2 475/1/2 474/1/2
f 475/1/2 1066/1/2 1067/1/2
f 1067/1/2 476/1/2 475/1/2
f 476/1/2 1067/1/2 1068/1/2
f 1068/1/2 477/1/2 476/1/2
f 477/1/2 1068/1/2 1069/1/2
f 1069/1/2 478/1/2 477/1/2
f 478/1/4 1069/1/4 1070/1/4
f 1070/1/4 479/1/4 478/1/4
f 781/1/2 790/1/2 1071/1/2
f 1071/1/2 1063/1/2 781/1/2
f 1063/1/2 1071/1/2 1072/1/2
f 1072/1/2 1064/1/2 1063/1/2
f 1064/1/2 1072/1/2 1073/1/2
f 1073/1/2 1065/1/2 1064/1/2
f 1065/1/2 1073/1/2 1074/1/2
f 1074/1/2 1066/1/2 1065/1/2
f 1066/1/2 1074/1/2 1075/1/2
f 1075/1/2 1067/1/2 1066/1/2
f 1067/1/2 1075/1/2 1076/1/2
f 1076/1/2 1068/1/2 1067/1/2
f 1068/1/2 1076/1/2 1077/1/2
f 1077/1/2 1069/1/2 1068/1/2
f 1069/1/4 1077/1/4 1078/1/4
f 1078/1/4 1070/1/4 1069/1/4
f 790/1/2 799/1/2 1079/1/2
f 1079/1/2 1071/1/2 790/1/2
f 1071/1/2 1079/1/2 1080/1/2
f 1080/1/2 1072/1/2 1071/1/2
f 1072/1/2 1080/1/2 1081/1/2
f 1081/1/2 1073/1/2 1072/1/2
f 1073/1/2 1081/1/2 1082/1/2
f 1082/1/2 1074/1/2 1073/1/2
f 1074/1/2 1082/1/2 1083/1/2
f 1083/1/2 1075/1/2 1074/1/2
f 1075/1/2 1083/1/2 1084/1/2
f 1084/1/2 1076/1/2 1075/1/2
f 1076/1/2 1084/1/2 1085/1/2
f 1085/1/2 1077/1/2 1076/1/2
f 1077/1/4 1085/1/4 1086/1/4
f 1086/1/4 1078/1/4 1077/1/4
f 799/1/2 808/1/2 1087/1/2
f 1087/1/2 1079/1/2 799/1/2
f 1079/1/2 1087/1/2 1088/1/2
f 1088/1/2 1080/1/2 1079/1/2
f 1080/1/2 1088/1/2 1089/1/2
f 1089/1/2 1081/1/2 1080/1/2
f 1081/1/2 1089/1/2 1090/1/2
f 1090/1/2 1082/1/2 1081/1/2
f 1082/1/2 1090/1/2 1091/1/2
f 1091/1/2 1083/1/2 1082/1/2
f 1083/1/2 1091/1/2 1092/1/2
f 1092/1/2 1084/1/2 1083/1/2
f 1084/1/2 1092/1/2 1093/1/2
f 1093/1/2 1085/1/2 1084/1/2
f 1085/1/4 1093/1/4 1094/1/4
f 1094/1/4 1086/1/4 1085/1/4
f 808/1/2 817/1/2 1095/1/2
f 1095/1/2 1087/1/2 808/1/2
f 1087/1/2 1095/1/2 1096/1/2
f 1096/1/2 1088/1/2 1087/1/2
f 1088/1/2 1096/1/2 1097/1/2
f 1097/1/2 1089/1/2 1088/1/2
f 1089/1/2 1097/1/2 1098/1/2
f 1098/1/2 1090/1/2 1089/1/2
f 1090/1/2 1098/1/2 1099/1/2
f 1099/1/2 1091/1/2 1090/1/2
f 1091/1/2 1099/1/2 1100/1/2
f 1100/1/2 1092/1/2 1091/1/2
f 1092/1/2 1100/1/2 1101/1/2
f 1101/1/2 1093/1/2 1092/1/2
f 1093/1/4 1101/1/4 1102/1/4
f 1102/1/4 1094/1/4 1093/1/4
f 1103/1/6 832/1/6 833/1/6
f 833/1/6 1104/1/6 1103/1/6
f 817/1/2 832/1/2 1103/1/2
f 1103/1/2 1095/1/2 817/1/2
f 1105/1/6 1103/1/6 1104/1/6
f 1104/1/6 1106/1/6 1105/1/6
f 1095/1/2 1103/1/2 1105/1/2
f 1105/1/2 1096/1/2 1095/1/2
f 1107/1/6 1105/1/6 1106/1/6
f 1106/1/6 1108/1/6 1107/1/6
f 1096/1/2 1105/1/2 1107/1/2
f 1107/1/2 1097/1/2 1096/1/2
f 1109/1/6 1107/1/6 1108/1/6
f 1108/1/6 1110/1/6 1109/1/6
f 1097/1/2 1107/1/2 1109/1/2
f 1109/1/2 1098/1/2 1097/1/2
f 1111/1/6 1109/1/6 1110/1/6
f 1110/1/6 1112/1/6 1111/1/6
f 1098/1/2 1109/1/2 1111/1/2
f 1111/1/2 1099/1/2 1098/1/2
f 1113/1/6 1111/1/6 1112/1/6
f 1112/1/6 1114/1/6 1113/1/6
f 1099/1/2 1111/1/2 1113/1/2
f 1113/1/2 1100/1/2 1099/1/2
f 1115/1/6 1113/1/6 1114/1/6
f 1114/1/6 1116/1/6 1115/1/6
f 1100/1/2 1113/1/2 1115/1/2
f 1115/1/2 1101/1/2 1100/1/2
f 1101/1/4 1115/1/4 1116/1/4
f 1116/1/4 1102/1/4 1101/1/4
f 479/1/4 1070/1/4 1117/1/4
f 1117/1/4 496/1/4 479/1/4
f 1070/1/4 1078/1/4 1118/1/4
f 1118/1/4 1117/1/4 1070/1/4
f 1078/1/4 1086/1/4 1119/1/4
f 1119/1/4 1118/1/4 1078/1/4
f 1086/1/4 1094/1/4 1120/1/4
f 1120/1/4 1119/1/4 1086/1/4
f 1094/1/4 1102/1/4 1121/1/4
f 1121/1/4 1120/1/4 1094/1/4
f 1104/1/6 833/1/6 846/1/6
f 846/1/6 1122/1/6 1104/1/6
f 1106/1/6 1104/1/6 1122/1/6
f 1122/1/6 1123/1/6 1106/1/6
f 1108/1/6 1106/1/6 1123/1/6
f 1123/1/6 1124/1/6 1108/1/6
f 1110/1/6 1108/1/6 1124/1/6
f 1124/1/6 1125/1/6 1110/1/6
f 1112/1/6 1110/1/6 1125/1/6
f 1125/1/6 1126/1/6 1112/1/6
f 1114/1/6 1112/1/6 1126/1/6
f 1126/1/6 1127/1/6 1114/1/6
f 1116/1/6 1114/1/6 1127/1/6
f 1127/1/6 1128/1/6 1116/1/6
f 1102/1/4 1116/1/4 1128/1/4
f 1128/1/4 1121/1/4 1102/1/4
f 496/2/4 1117/2/4 1129/2/4
f 1129/2/4 511/2/4 496/2/4
f 1117/2/4 1118/2/4 1130/2/4
f 1130/2/4 1129/2/4 1117/2/4
f 1118/2/4 1119/2/4 1131/2/4
f 1131/2/4 1130/2/4 1118/2/4
f 1119/2/4 1120/2/4 1132/2/4
f 1132/2/4 1131/2/4 1119/2/4
f 1120/2/4 1121/2/4 1133/2/4
f 1133/2/4 1132/2/4 1120/2/4
f 1122/2/6 846/2/6 864/2/6
f 864/2/6 1134/2/6 1122/2/6
f 1135/2/5 1134/2/5 864/2/5
f 864/2/5 865/2/5 1135/2/5
f 1123/2/6 1122/2/6 1134/2/6
f 1134/2/6 1136/2/6 1123/2/6
f 1137/2/5 1136/2/5 1134/2/5
f 1134/2/5 1135/2/5 1137/2/5
f 1124/2/6 1123/2/6 1136/2/6
f 1136/2/6 1138/2/6 1124/2/6
f 1139/2/5 1138/2/5 1136/2/5
f 1136/2/5 1137/2/5 1139/2/5
f 1125/2/6 1124/2/6 1138/2/6
f 1138/2/6 1140/2/6 1125/2/6
f 1141/2/5 1140/2/5 1138/2/5
f 1138/2/5 1139/2/5 1141/2/5
f 1126/2/6 1125/2/6 1140/2/6
f 1140/2/6 1142/2/6 1126/2/6
f 1143/2/5 1142/2/5 1140/2/5
f 1140/2/5 1141/2/5 1143/2/5
f 1127/2/6 1126/2/6 1142/2/6
f 1142/2/6 1144/2/6 1127/2/6
f 1128/2/6 1127/2/6 1144/2/6
f 1144/2/6 1145/2/6 1128/2/6
f 1121/2/4 1128/2/4 1145/2/4
f 1145/2/4 1133/2/4 1121/2/4
f 530/2/5 1146/2/5 1147/2/5
f 1147/2/5 549/2/5 530/2/5
f 511/2/4 1129/2/4 1146/2/4
f 1146/2/4 530/2/4 511/2/4
f 1129/2/4 1130/2/4 1148/2/4
f 1148/2/4 1146/2/4 1129/2/4
f 1148/2/5 1149/2/5 1150/2/5
f 1150/2/5 1151/2/5 1148/2/5
f 1130/2/4 1131/2/4 1149/2/4
f 1149/2/4 1148/2/4 1130/2/4
f 1131/2/4 1132/2/4 1152/2/4
f 1152/2/4 1149/2/4 1131/2/4
f 1135/2/6 865/2/6 879/2/6
f 879/2/6 1153/2/6 1135/2/6
f 1137/2/6 1135/2/6 1153/2/6
f 1153/2/6 1154/2/6 1137/2/6
f 1139/2/6 1137/2/6 1154/2/6
f 1154/2/6 1155/2/6 1139/2/6
f 1141/2/6 1139/2/6 1155/2/6
f 1155/2/6 1156/2/6 1141/2/6
f 1143/2/6 1141/2/6 1156/2/6
f 1156/2/6 1157/2/6 1143/2/6
f 1132/2/4 1133/2/4 1158/2/4
f 1158/2/4 1152/2/4 1132/2/4
f 1144/2/6 1142/2/6 1159/2/6
f 1159/2/6 1160/2/6 1144/2/6
f 1143/2/3 1157/2/3 1159/2/3
f 1159/2/3 1142/2/3 1143/2/3
f 1145/2/6 1144/2/6 1160/2/6
f 1160/2/6 1161/2/6 1145/2/6
f 1133/2/4 1145/2/4 1161/2/4
f 1161/2/4 1158/2/4 1133/2/4
f 549/1/4 1147/1/4 1162/1/4
f 1162/1/4 550/1/4 549/1/4
f 1147/2/1 1146/2/1 1163/2/1
f 1163/2/1 1162/2/1 1147/2/1
f 1148/2/6 1151/2/6 1164/2/6
f 1164/2/6 1165/2/6 1148/2/6
f 1146/2/4 1148/2/4 1165/2/4
f 1165/2/4 1163/2/4 1146/2/4
f 1151/1/4 1150/1/4 1166/1/4
f 1166/1/4 1164/1/4 1151/1/4
f 1150/2/1 1149/2/1 1167/2/1
f 1167/2/1 1166/2/1 1150/2/1
f 1149/2/4 1152/2/4 1168/2/4
f 1168/2/4 1167/2/4 1149/2/4
f 1153/1/6 879/1/6 896/1/6
f 896/1/6 1169/1/6 1153/1/6
f 1154/1/6 1153/1/6 1169/1/6
f 1169/1/6 1170/1/6 1154/1/6
f 1155/2/6 1154/2/6 1170/2/6
f 1170/2/6 1171/2/6 1155/2/6
f 1156/2/6 1155/2/6 1171/2/6
f 1171/2/6 1172/2/6 1156/2/6
f 1157/2/6 1156/2/6 1172/2/6
f 1172/2/6 1173/2/6 1157/2/6
f 1152/2/4 1158/2/4 1174/2/4
f 1174/2/4 1168/2/4 1152/2/4
f 1160/2/6 1159/2/6 1175/2/6
f 1175/2/6 1176/2/6 1160/2/6
f 1157/2/3 1173/2/3 1175/2/3
f 1175/2/3 1159/2/3 1157/2/3
f 1161/2/6 1160/2/6 1176/2/6
f 1176/2/6 1177/2/6 1161/2/6
f 1158/2/4 1161/2/4 1177/2/4
f 1177/2/4 1174/2/4 1158/2/4
f 550/2/2 1162/2/2 1163/2/2
f 1163/2/2 551/2/2 550/2/2
f 576/2/5 1178/2/5 1179/2/5
f 1179/2/5 596/2/5 576/2/5
f 551/2/4 1163/2/4 1178/2/4
f 1178/2/4 576/2/4 551/2/4
f 1163/2/4 1165/2/4 1180/2/4
f 1180/2/4 1178/2/4 1163/2/4
f 1164/2/2 1166/2/2 1167/2/2
f 1167/2/2 1165/2/2 1164/2/2
f 1180/2/5 1181/2/5 1182/2/5
f 1182/2/5 1183/2/5 1180/2/5
f 1165/2/4 1167/2/4 1181/2/4
f 1181/2/4 1180/2/4 1165/2/4
f 1167/2/4 1168/2/4 1184/2/4
f 1184/2/4 1181/2/4 1167/2/4
f 1169/2/6 896/2/6 913/2/6
f 913/2/6 1185/2/6 1169/2/6
f 1170/2/6 1169/2/6 1185/2/6
f 1185/2/6 1186/2/6 1170/2/6
f 1171/2/6 1170/2/6 1186/2/6
f 1186/2/6 1187/2/6 1171/2/6
f 1172/2/6 1171/2/6 1187/2/6
f 1187/2/6 1188/2/6 1172/2/6
f 1173/2/6 1172/2/6 1188/2/6
f 1188/2/6 1189/2/6 1173/2/6
f 1168/2/4 1174/2/4 1190/2/4
f 1190/2/4 1184/2/4 1168/2/4
f 1176/2/6 1175/2/6 1191/2/6
f 1191/2/6 1192/2/6 1176/2/6
f 1173/2/3 1189/2/3 1191/2/3
f 1191/2/3 1175/2/3 1173/2/3
f 1177/2/6 1176/2/6 1192/2/6
f 1192/2/6 1193/2/6 1177/2/6
f 1174/2/4 1177/2/4 1193/2/4
f 1193/2/4 1190/2/4 1174/2/4
f 596/1/4 1179/1/4 1194/1/4
f 1194/1/4 597/1/4 596/1/4
f 1179/2/1 1178/2/1 1195/2/1
f 1195/2/1 1194/2/1 1179/2/1
f 1180/2/6 1183/2/6 1196/2/6
f 1196/2/6 1197/2/6 1180/2/6
f 1178/2/4 1180/2/4 1197/2/4
f 1197/2/4 1195/2/4 1178/2/4
f 1183/1/4 1182/1/4 1198/1/4
f 1198/1/4 1196/1/4 1183/1/4
f 1182/2/1 1181/2/1 1199/2/1
f 1199/2/1 1198/2/1 1182/2/1
f 1181/2/4 1184/2/4 1200/2/4
f 1200/2/4 1199/2/4 1181/2/4
f 1184/2/4 1190/2/4 1201/2/4
f 1201/2/4 1200/2/4 1184/2/4
f 1202/2/6 936/2/6 937/2/6
f 937/2/6 1203/2/6 1202/2/6
f 913/2/2 936/2/2 1202/2/2
f 1202/2/2 1185/2/2 913/2/2
f 1204/2/6 1202/2/6 1203/2/6
f 1203/2/6 1205/2/6 1204/2/6
f 1185/2/2 1202/2/2 1204/2/2
f 1204/2/2 1186/2/2 1185/2/2
f 1206/2/6 1204/2/6 1205/2/6
f 1205/2/6 1207/2/6 1206/2/6
f 1186/2/2 1204/2/2 1206/2/2
f 1206/2/2 1187/2/2 1186/2/2
f 1208/2/6 1206/2/6 1207/2/6
f 1207/2/6 1209/2/6 1208/2/6
f 1187/2/2 1206/2/2 1208/2/2
f 1208/2/2 1188/2/2 1187/2/2
f 1191/2/6 1208/2/6 1209/2/6
f 1209/2/6 1210/2/6 1191/2/6
f 1188/2/2 1208/2/2 1191/2/2
f 1191/2/2 1189/2/2 1188/2/2
f 1192/2/6 1191/2/6 1210/2/6
f 1210/2/6 1211/2/6 1192/2/6
f 1193/2/6 1192/2/6 1211/2/6
f 1211/2/6 1212/2/6 1193/2/6
f 1190/2/4 1193/2/4 1212/2/4
f 1212/2/4 1201/2/4 1190/2/4
f 597/2/2 1194/2/2 1195/2/2
f 1195/2/2 598/2/2 597/2/2
f 622/2/5 1213/2/5 1214/2/5
f 1214/2/5 646/2/5 622/2/5
f 598/2/4 1195/2/4 1213/2/4
f 1213/2/4 622/2/4 598/2/4
f 1195/2/4 1197/2/4 1215/2/4
f 1215/2/4 1213/2/4 1195/2/4
f 1196/2/2 1198/2/2 1199/2/2
f 1199/2/2 1197/2/2 1196/2/2
f 1215/2/5 1216/2/5 1217/2/5
f 1217/2/5 1218/2/5 1215/2/5
f 1197/2/4 1199/2/4 1216/2/4
f 1216/2/4 1215/2/4 1197/2/4
f 1199/2/4 1200/2/4 1219/2/4
f 1219/2/4 1216/2/4 1199/2/4
f 1200/2/4 1201/2/4 1220/2/4
f 1220/2/4 1219/2/4 1200/2/4
f 1203/2/6 937/2/6 953/2/6
f 953/2/6 1221/2/6 1203/2/6
f 1205/2/6 1203/2/6 1221/2/6
f 1221/2/6 1222/2/6 1205/2/6
f 1207/2/6 1205/2/6 1222/2/6
f 1222/2/6 1223/2/6 1207/2/6
f 1209/2/6 1207/2/6 1223/2/6
f 1223/2/6 1224/2/6 1209/2/6
f 1210/2/6 1209/2/6 1224/2/6
f 1224/2/6 1225/2/6 1210/2/6
f 1211/2/6 1210/2/6 1225/2/6
f 1225/2/6 1226/2/6 1211/2/6
f 1212/2/6 1211/2/6 1226/2/6
f 1226/2/6 1227/2/6 1212/2/6
f 1201/2/4 1212/2/4 1227/2/4
f 1227/2/4 1220/2/4 1201/2/4
f 646/1/4 1214/1/4 1228/1/4
f 1228/1/4 647/1/4 646/1/4
f 1214/2/1 1213/2/1 1229/2/1
f 1229/2/1 1228/2/1 1214/2/1
f 1215/2/6 1218/2/6 1230/2/6
f 1230/2/6 1231/2/6 1215/2/6
f 1213/2/4 1215/2/4 1231/2/4
f 1231/2/4 1229/2/4 1213/2/4
f 1218/1/4 1217/1/4 1232/1/4
f 1232/1/4 1230/1/4 1218/1/4
f 1217/2/1 1216/2/1 1233/2/1
f 1233/2/1 1232/2/1 1217/2/1
f 1216/2/4 1219/2/4 1234/2/4
f 1234/2/4 1233/2/4 1216/2/4
f 1219/2/4 1220/2/4 1235/2/4
f 1235/2/4 1234/2/4 1219/2/4
f 1221/2/6 953/2/6 969/2/6
f 969/2/6 1236/2/6 1221/2/6
f 1222/2/6 1221/2/6 1236/2/6
f 1236/2/6 1237/2/6 1222/2/6
f 1223/2/6 1222/2/6 1237/2/6
f 1237/2/6 1238/2/6 1223/2/6
f 1224/2/6 1223/2/6 1238/2/6
f 1238/2/6 1239/2/6 1224/2/6
f 1225/2/6 1224/2/6 1239/2/6
f 1239/2/6 1240/2/6 1225/2/6
f 1226/2/6 1225/2/6 1240/2/6
f 1240/2/6 1241/2/6 1226/2/6
f 1227/2/6 1226/2/6 1241/2/6
f 1241/2/6 1242/2/6 1227/2/6
f 1220/2/4 1227/2/4 1242/2/4
f 1242/2/4 1235/2/4 1220/2/4
f 647/2/2 1228/2/2 1229/2/2
f 1229/2/2 648/2/2 647/2/2
f 668/2/5 1243/2/5 1244/2/5
f 1244/2/5 692/2/5 668/2/5
f 648/2/4 1229/2/4 1243/2/4
f 1243/2/4 668/2/4 648/2/4
f 1229/2/4 1231/2/4 1245/2/4
f 1245/2/4 1243/2/4 1229/2/4
f 1230/2/2 1232/2/2 1233/2/2
f 1233/2/2 1231/2/2 1230/2/2
f 1245/2/5 1246/2/5 1247/2/5
f 1247/2/5 1248/2/5 1245/2/5
f 1231/2/4 1233/2/4 1246/2/4
f 1246/2/4 1245/2/4 1231/2/4
f 1233/2/4 1234/2/4 1249/2/4
f 1249/2/4 1246/2/4 1233/2/4
f 1234/2/4 1235/2/4 1250/2/4
f 1250/2/4 1249/2/4 1234/2/4
f 1236/2/6 969/2/6 985/2/6
f 985/2/6 1251/2/6 1236/2/6
f 1237/2/6 1236/2/6 1251/2/6
f 1251/2/6 1252/2/6 1237/2/6
f 1238/2/6 1237/2/6 1252/2/6
f 1252/2/6 1253/2/6 1238/2/6
f 1239/2/6 1238/2/6 1253/2/6
f 1253/2/6 1254/2/6 1239/2/6
f 1240/2/6 1239/2/6 1254/2/6
f 1254/2/6 1255/2/6 1240/2/6
f 1241/2/6 1240/2/6 1255/2/6
f 1255/2/6 1256/2/6 1241/2/6
f 1242/2/6 1241/2/6 1256/2/6
f 1256/2/6 1257/2/6 1242/2/6
f 1235/2/4 1242/2/4 1257/2/4
f 1257/2/4 1250/2/4 1235/2/4
f 692/1/4 1244/1/4 1258/1/4
f 1258/1/4 693/1/4 692/1/4
f 1244/2/1 1243/2/1 1259/2/1
f 1259/2/1 1258/2/1 1244/2/1
f 1245/2/6 1248/2/6 1260/2/6
f 1260/2/6 1261/2/6 1245/2/6
f 1243/2/4 1245/2/4 1261/2/4
f 1261/2/4 1259/2/4 1243/2/4
f 1248/1/4 1247/1/4 1262/1/4
f 1262/1/4 1260/1/4 1248/1/4
f 1247/2/1 1246/2/1 1263/2/1
f 1263/2/1 1262/2/1 1247/2/1
f 1246/2/4 1249/2/4 1264/2/4
f 1264/2/4 1263/2/4 1246/2/4
f 1249/2/4 1250/2/4 1265/2/4
f 1265/2/4 1264/2/4 1249/2/4
f 1251/2/6 985/2/6 1001/2/6
f 1001/2/6 1266/2/6 1251/2/6
f 1252/2/6 1251/2/6 1266/2/6
f 1266/2/6 1267/2/6 1252/2/6
f 1253/2/6 1252/2/6 1267/2/6
f 1267/2/6 1268/2/6 1253/2/6
f 1254/2/6 1253/2/6 1268/2/6
f 1268/2/6 1269/2/6 1254/2/6
f 1255/2/6 1254/2/6 1269/2/6
f 1269/2/6 1270/2/6 1255/2/6
f 1256/2/6 1255/2/6 1270/2/6
f 1270/2/6 1271/2/6 1256/2/6
f 1257/2/6 1256/2/6 1271/2/6
f 1271/2/6 1272/2/6 1257/2/6
f 1250/2/4 1257/2/4 1272/2/4
f 1272/2/4 1265/2/4 1250/2/4
f 693/2/2 1258/2/2 1259/2/2
f 1259/2/2 694/2/2 693/2/2
f 694/2/4 1259/2/4 1273/2/4
f 1273/2/4 709/2/4 694/2/4
f 1259/2/4 1261/2/4 1274/2/4
f 1274/2/4 1273/2/4 1259/2/4
f 1260/2/2 1262/2/2 1263/2/2
f 1263/2/2 1261/2/2 1260/2/2
f 1261/2/4 1263/2/4 1275/2/4
f 1275/2/4 1274/2/4 1261/2/4
f 1263/2/4 1264/2/4 1276/2/4
f 1276/2/4 1275/2/4 1263/2/4
f 1264/2/4 1265/2/4 1277/2/4
f 1277/2/4 1276/2/4 1264/2/4
f 1266/2/6 1001/2/6 1014/2/6
f 1014/2/6 1278/2/6 1266/2/6
f 1267/2/6 1266/2/6 1278/2/6
f 1278/2/6 1279/2/6 1267/2/6
f 1268/2/6 1267/2/6 1279/2/6
f 1279/2/6 1280/2/6 1268/2/6
f 1269/2/6 1268/2/6 1280/2/6
f 1280/2/6 1281/2/6 1269/2/6
f 1270/2/6 1269/2/6 1281/2/6
f 1281/2/6 1282/2/6 1270/2/6
f 1271/2/6 1270/2/6 1282/2/6
f 1282/2/6 1283/2/6 1271/2/6
f 1272/2/6 1271/2/6 1283/2/6
f 1283/2/6 1284/2/6 1272/2/6
f 1265/2/4 1272/2/4 1284/2/4
f 1284/2/4 1277/2/4 1265/2/4
f 766/1/5 1285/1/5 1022/1/5
f 1022/1/5 402/1/5 766/1/5
f 767/1/5 1286/1/5 1285/1/5
f 1285/1/5 766/1/5 767/1/5
f 768/1/5 1287/1/5 1286/1/5
f 1286/1/5 767/1/5 768/1/5
f 769/1/5 1288/1/5 1287/1/5
f 1287/1/5 768/1/5 769/1/5
f 770/2/5 1289/2/5 1288/2/5
f 1288/2/5 769/2/5 770/2/5
f 771/5/5 1290/5/5 1289/5/5
f 1289/5/5 770/5/5 771/5/5
f 772/2/5 1291/2/5 1290/2/5
f 1290/2/5 771/2/5 772/2/5
f 709/2/4 1273/2/4 1291/2/4
f 1291/2/4 772/2/4 709/2/4
f 1285/1/5 1292/1/5 1030/1/5
f 1030/1/5 1022/1/5 1285/1/5
f 1286/1/5 1293/1/5 1292/1/5
f 1292/1/5 1285/1/5 1286/1/5
f 1287/1/5 1294/1/5 1293/1/5
f 1293/1/5 1286/1/5 1287/1/5
f 1288/2/5 1295/2/5 1294/2/5
f 1294/2/5 1287/2/5 1288/2/5
f 1289/2/5 1296/2/5 1295/2/5
f 1295/2/5 1288/2/5 1289/2/5
f 1290/5/5 1297/5/5 1296/5/5
f 1296/5/5 1289/5/5 1290/5/5
f 1291/2/5 1298/2/5 1297/2/5
f 1297/2/5 1290/2/5 1291/2/5
f 1273/2/4 1274/2/4 1298/2/4
f 1298/2/4 1291/2/4 1273/2/4
f 1292/1/5 1299/1/5 1038/1/5
f 1038/1/5 1030/1/5 1292/1/5
f 1293/1/5 1300/1/5 1299/1/5
f 1299/1/5 1292/1/5 1293/1/5
f 1294/2/5 1301/2/5 1300/2/5
f 1300/2/5 1293/2/5 1294/2/5
f 1295/2/5 1302/2/5 1301/2/5
f 1301/2/5 1294/2/5 1295/2/5
f 1296/2/5 1303/2/5 1302/2/5
f 1302/2/5 1295/2/5 1296/2/5
f 1297/5/5 1304/5/5 1303/5/5
f 1303/5/5 1296/5/5 1297/5/5
f 1298/2/5 1305/2/5 1304/2/5
f 1304/2/5 1297/2/5 1298/2/5
f 1274/2/4 1275/2/4 1305/2/4
f 1305/2/4 1298/2/4 1274/2/4
f 1299/2/5 1306/2/5 1046/2/5
f 1046/2/5 1038/2/5 1299/2/5
f 1300/2/5 1307/2/5 1306/2/5
f 1306/2/5 1299/2/5 1300/2/5
f 1301/2/5 1308/2/5 1307/2/5
f 1307/2/5 1300/2/5 1301/2/5
f 1302/2/5 1309/2/5 1308/2/5
f 1308/2/5 1301/2/5 1302/2/5
f 1303/2/5 1310/2/5 1309/2/5
f 1309/2/5 1302/2/5 1303/2/5
f 1304/5/5 1311/5/5 1310/5/5
f 1310/5/5 1303/5/5 1304/5/5
f 1305/2/5 1312/2/5 1311/2/5
f 1311/2/5 1304/2/5 1305/2/5
f 1275/2/4 1276/2/4 1312/2/4
f 1312/2/4 1305/2/4 1275/2/4
f 1306/2/5 1313/2/5 1054/2/5
f 1054/2/5 1046/2/5 1306/2/5
f 1307/2/5 1314/2/5 1313/2/5
f 1313/2/5 1306/2/5 1307/2/5
f 1308/2/5 1315/2/5 1314/2/5
f 1314/2/5 1307/2/5 1308/2/5
f 1309/2/5 1316/2/5 1315/2/5
f 1315/2/5 1308/2/5 1309/2/5
f 1310/2/5 1317/2/5 1316/2/5
f 1316/2/5 1309/2/5 1310/2/5
f 1311/5/5 1318/5/5 1317/5/5
f 1317/5/5 1310/5/5 1311/5/5
f 1312/2/5 1319/2/5 1318/2/5
f 1318/2/5 1311/2/5 1312/2/5
f 1276/2/4 1277/2/4 1319/2/4
f 1319/2/4 1312/2/4 1276/2/4
f 1278/2/6 1014/2/6 1062/2/6
f 1062/2/6 1320/2/6 1278/2/6
f 1313/2/5 1320/2/5 1062/2/5
f 1062/2/5 1054/2/5 1313/2/5
f 1279/2/6 1278/2/6 1320/2/6
f 1320/2/6 1321/2/6 1279/2/6
f 1314/2/5 1321/2/5 1320/2/5
f 1320/2/5 1313/2/5 1314/2/5
f 1280/2/6 1279/2/6 1321/2/6
f 1321/2/6 1322/2/6 1280/2/6
f 1315/2/5 1322/2/5 1321/2/5
f 1321/2/5 1314/2/5 1315/2/5
f 1281/2/6 1280/2/6 1322/2/6
f 1322/2/6 1323/2/6 1281/2/6
f 1316/2/5 1323/2/5 1322/2/5
f 1322/2/5 1315/2/5 1316/2/5
f 1282/2/6 1281/2/6 1323/2/6
f 1323/2/6 1324/2/6 1282/2/6
f 1317/2/5 1324/2/5 1323/2/5
f 1323/2/5 1316/2/5 1317/2/5
f 1283/5/6 1282/5/6 1324/5/6
f 1324/5/6 1325/5/6 1283/5/6
f 1318/5/5 1325/5/5 1324/5/5
f 1324/5/5 1317/5/5 1318/5/5
f 1284/2/6 1283/2/6 1325/2/6
f 1325/2/6 1326/2/6 1284/2/6
f 1319/2/5 1326/2/5 1325/2/5
f 1325/2/5 1318/2/5 1319/2/5
f 1277/2/4 1284/2/4 1326/2/4
f 1326/2/4 1319/2/4 1277/2/4
o Handle
v 6.000001 8.000000 6.000001
v 6.000001 8.000000 7.000001
v 5.000001 8.000000 7.000002
v 5.000001 8.000000 6.000002
v 6.000001 9.000000 6.000002
v 6.000001 8.999999 7.000002
v 4.000001 8.000000 7.000002
v 5.000001 8.999999 7.000002
v 4.000001 8.999999 7.000002
v 4.000001 8.000000 6.000002
v 4.000001 9.000000 6.000002
v 7.000001 8.000000 7.000001
v 7.000001 8.999999 7.000001
v 7.000001 8.000000 8.000002
v 6.000001 8.000000 8.000002
v 7.000001 8.999999 8.000002
v 5.000001 8.000000 8.000002
v 5.000001 8.999999 8.000002
v 7.000001 8.000000 9.000002
v 6.000001 8.000000 9.000002
v 7.000001 8.999999 9.000002
v 5.000001 8.000000 9.000002
v 5.000001 8.999999 9.000002
v 7.000001 7.999999 10.000002
v 6.000001 7.999999 10.000002
v 7.000001 8.999999 10.000002
v 5.000001 7.999999 10.000002
v 4.000001 8.000000 9.000002
v 4.000001 8.999999 9.000002
v 4.000001 7.999999 10.000002
v 4.000001 8.999999 10.000002
v 6.000001 7.999999 11.000002
v 7.000001 7.999999 11.000002
v 7.000001 8.999998 11.000002
v 6.000001 8.999998 11.000002
v 5.000001 7.999999 11.000002
v 4.000001 7.999999 11.000002
v 3.000001 7.999999 10.000002
v 3.000001 8.999999 10.000002
v 3.000002 7.999999 11.000002
v 3.000002 8.999998 11.000002
v 5.000002 7.999999 12.000003
v 6.000002 7.999999 12.000003
v 6.000002 8.999998 12.000003
v 5.000002 8.999998 12.000003
v 4.000002 7.999999 12.000003
v 3.000002 7.999999 12.000003
v 2.000002 7.999999 11.000002
v 2.000002 8.999998 11.000002
v 2.000002 7.999999 12.000003
v 1.000002 7.999999 11.000002
v 1.000002 8.999998 11.000003
v 1.000002 7.999999 12.000003
v 0.000002 7.999999 11.000003
v 0.000002 8.999998 11.000003
v 0.000002 7.999999 12.000004
v 4.000002 7.999998 13.000003
v 5.000002 7.999998 13.000003
v 5.000002 8.999998 13.000003
v 4.000002 8.999998 13.000003
v 3.000002 7.999998 13.000003
v 3.000002 8.999998 13.000003
v 2.000002 7.999998 13.000003
v 1.000002 7.999998 13.000003
v 0.000002 7.999998 13.000004
v 2.000002 7.999998 14.000003
v 3.000002 7.999998 14.000003
v 3.000002 8.999998 14.000003
v 2.000002 8.999998 14.000003
v 1.000002 7.999998 14.000003
v 1.000002 8.999998 14.000004
v 0.000002 7.999998 14.000004
v 0.000002 8.999998 14.000004
v 6.000001 10.000000 6.000002
v 6.000001 9.999999 7.000002
v 5.000001 9.999999 7.000002
v 4.000001 9.999999 7.000002
v 4.000001 10.000000 6.000002
v 7.000001 9.999999 7.000001
v 7.000001 9.999999 8.000002
v 5.000001 9.999999 8.000002
v 7.000001 9.999999 9.000002
v 5.000001 9.999999 9.000002
v 7.000001 9.999999 10.000002
v 4.000001 9.999999 9.000002
v 4.000001 9.999999 10.000002
v 7.000001 9.999998 11.000002
v 6.000001 9.999998 11.000002
v 3.000001 9.999999 10.000002
v 3.000002 9.999998 11.000002
v 6.000002 9.999998 12.000003
v 5.000002 9.999998 12.000003
v 2.000002 9.999998 11.000002
v 1.000002 9.999998 11.000003
v 0.000002 9.999998 11.000003
v 5.000002 9.999998 13.000003
v 4.000002 9.999998 13.000003
v 3.000002 9.999998 13.000003
v 3.000002 9.999998 14.000003
v 2.000002 9.999998 14.000003
v 1.000002 9.999998 14.000004
v 0.000002 9.999998 14.000004
v 6.000001 11.000000 6.000002
v 6.000001 10.999999 7.000002
v 5.000001 10.999999 7.000002
v 4.000001 10.999999 7.000002
v 4.000001 11.000000 6.000002
v 7.000001 10.999999 7.000002
v 7.000001 10.999999 8.000003
v 5.000001 10.999999 8.000003
v 7.000001 10.999999 9.000003
v 5.000001 10.999999 9.000003
v 7.000001 10.999999 10.000003
v 4.000001 10.999999 9.000003
v 4.000001 10.999999 10.000003
v 7.000001 10.999998 11.000003
v 6.000001 10.999998 11.000003
v 3.000001 10.999999 10.000003
v 3.000002 10.999998 11.000003
v 6.000002 10.999998 12.000004
v 5.000002 10.999998 12.000004
v 2.000002 10.999998 11.000004
v 1.000002 10.999998 11.000004
v 0.000002 10.999998 11.000004
v 5.000002 10.999998 13.000004
v 4.000002 10.999998 13.000004
v 3.000002 10.999998 13.000004
v 3.000002 10.999998 14.000004
v 2.000002 10.999998 14.000005
v 1.000002 10.999998 14.000005
v 0.000002 10.999998 14.000005
v 5.000001 12.000001 6.000002
v 5.000001 12.000000 7.000002
v 6.000001 12.000000 7.000002
v 6.000001 12.000001 6.000002
v 4.000001 12.000000 7.000002
v 4.000001 12.000001 6.000002
v 7.000001 12.000000 7.000002
v 6.000001 12.000000 8.000003
v 7.000001 12.000000 8.000003
v 5.000001 12.000000 8.000003
v 6.000001 12.000000 9.000003
v 7.000001 12.000000 9.000003
v 5.000001 12.000000 9.000003
v 6.000001 12.000000 10.000003
v 7.000001 12.000000 10.000003
v 5.000001 12.000000 10.000003
v 4.000001 12.000000 9.000003
v 4.000001 12.000000 10.000003
v 7.000001 11.999999 11.000003
v 6.000001 11.999999 11.000003
v 5.000001 11.999999 11.000003
v 4.000001 11.999999 11.000003
v 3.000001 12.000000 10.000003
v 3.000002 11.999999 11.000003
v 6.000002 11.999999 12.000004
v 5.000002 11.999999 12.000004
v 4.000002 11.999999 12.000004
v 3.000002 11.999999 12.000004
v 2.000002 11.999999 11.000004
v 2.000002 11.999999 12.000005
v 1.000002 11.999999 11.000004
v 1.000002 11.999999 12.000005
v 0.000002 11.999999 11.000004
v 0.000002 11.999999 12.000005
v 5.000002 11.999999 13.000004
v 4.000002 11.999999 13.000004
v 3.000002 11.999999 13.000004
v 2.000002 11.999999 13.000005
v 1.000002 11.999999 13.000005
v 0.000002 11.999999 13.000005
v 3.000002 11.999999 14.000004
v 2.000002 11.999999 14.000005
v 1.000002 11.999999 14.000005
v 0.000002 11.999999 14.000005
v -4.999999 8.000000 7.000003
v -3.999999 8.000000 7.000003
v -3.999999 8.999999 7.000003
v -4.999999 8.999999 7.000003
v -3.999999 8.000000 6.000003
v -4.999999 8.000000 6.000003
v -3.999999 9.000000 6.000003
v -5.999999 8.000000 7.000003
v -5.999999 8.000000 6.000003
v -5.999999 8.999999 7.000003
v -5.999999 9.000000 6.000003
v -4.999999 8.000000 8.000003
v -5.999999 8.000000 8.000004
v -4.999999 8.999999 8.000004
v -6.999999 8.000000 7.000003
v -6.999999 8.999999 7.000004
v -6.999999 8.000000 8.000004
v -6.999999 8.999999 8.000004
v -4.999999 8.000000 9.000003
v -5.999999 8.000000 9.000004
v -4.999999 8.999999 9.000004
v -6.999999 8.000000 9.000004
v -6.999999 8.999999 9.000004
v -3.999999 8.000000 9.000003
v -3.999999 8.999999 9.000003
v -3.999999 7.999999 10.000003
v -4.999999 7.999999 10.000003
v -3.999999 8.999999 10.000003
v -5.999999 7.999999 10.000004
v -6.999999 7.999999 10.000004
v -6.999999 8.999999 10.000004
v -2.999999 7.999999 10.000003
v -2.999999 8.999999 10.000003
v -2.999998 7.999999 11.000003
v -3.999998 7.999999 11.000003
v -2.999998 8.999998 11.000003
v -4.999999 7.999999 11.000003
v -5.999999 7.999999 11.000004
v -6.999999 7.999999 11.000004
v -5.999999 8.999998 11.000004
v -6.999999 8.999998 11.000004
v -0.999998 7.999999 11.000003
v -0.999998 8.999998 11.000003
v -0.999998 7.999999 12.000004
v -1.999998 7.999999 11.000003
v -1.999998 8.999998 11.000003
v -1.999998 7.999999 12.000004
v -2.999998 7.999999 12.000004
v -3.999998 7.999999 12.000004
v -4.999998 7.999999 12.000004
v -5.999998 7.999999 12.000005
v -4.999998 8.999998 12.000005
v -5.999998 8.999998 12.000005
v -0.999998 7.999998 13.000004
v -1.999998 7.999998 13.000004
v -2.999998 7.999998 13.000004
v -3.999998 7.999998 13.000004
v -2.999998 8.999998 13.000004
v -3.999998 8.999998 13.000004
v -4.999998 7.999998 13.000004
v -4.999998 8.999998 13.000005
v -0.999998 7.999998 14.000004
v -0.999998 8.999998 14.000004
v -1.999998 7.999998 14.000004
v -1.999998 8.999998 14.000004
v -2.999998 7.999998 14.000004
v -2.999998 8.999998 14.000004
v -3.999999 9.999999 7.000003
v -4.999999 9.999999 7.000003
v -3.999999 10.000000 6.000003
v -5.999999 9.999999 7.000003
v -5.999999 10.000000 6.000003
v -4.999999 9.999999 8.000004
v -6.999999 9.999999 7.000004
v -6.999999 9.999999 8.000004
v -4.999999 9.999999 9.000004
v -6.999999 9.999999 9.000004
v -3.999999 9.999999 9.000003
v -3.999999 9.999999 10.000003
v -6.999999 9.999999 10.000004
v -2.999999 9.999999 10.000003
v -2.999998 9.999998 11.000003
v -5.999999 9.999998 11.000004
v -6.999999 9.999998 11.000004
v -0.999998 9.999998 11.000003
v -1.999998 9.999998 11.000003
v -4.999998 9.999998 12.000005
v -5.999998 9.999998 12.000005
v -2.999998 9.999998 13.000004
v -3.999998 9.999998 13.000004
v -4.999998 9.999998 13.000005
v -0.999998 9.999998 14.000004
v -1.999998 9.999998 14.000004
v -2.999998 9.999998 14.000004
v -3.999999 10.999999 7.000003
v -4.999999 10.999999 7.000003
v -3.999999 11.000000 6.000003
v -5.999999 10.999999 7.000004
v -5.999999 11.000000 6.000004
v -4.999999 10.999999 8.000005
v -6.999999 10.999999 7.000004
v -6.999999 10.999999 8.000005
v -4.999999 10.999999 9.000005
v -6.999999 10.999999 9.000005
v -3.999999 10.999999 9.000005
v -3.999999 10.999999 10.000005
v -6.999999 10.999999 10.000005
v -2.999999 10.999999 10.000004
v -2.999998 10.999998 11.000004
v -5.999999 10.999998 11.000005
v -6.999999 10.999998 11.000005
v -0.999998 10.999998 11.000004
v -1.999998 10.999998 11.000004
v -4.999998 10.999998 12.000006
v -5.999998 10.999998 12.000006
v -2.999998 10.999998 13.000005
v -3.999998 10.999998 13.000006
v -4.999998 10.999998 13.000006
v -0.999998 10.999998 14.000005
v -1.999998 10.999998 14.000005
v -2.999998 10.999998 14.000005
v -3.999999 12.000000 7.000003
v -4.999999 12.000000 7.000003
v -4.999999 12.000001 6.000003
v -3.999999 12.000001 6.000003
v -5.999999 12.000001 6.000004
v -5.999999 12.000000 7.000004
v -5.999999 12.000000 8.000005
v -4.999999 12.000000 8.000005
v -6.999999 12.000000 7.000004
v -6.999999 12.000000 8.000005
v -5.999999 12.000000 9.000005
v -4.999999 12.000000 9.000005
v -6.999999 12.000000 9.000005
v -3.999999 12.000000 9.000005
v -4.999999 12.000000 10.000005
v -3.999999 12.000000 10.000005
v -5.999999 12.000000 10.000005
v -6.999999 12.000000 10.000005
v -2.999999 12.000000 10.000004
v -3.999998 11.999999 11.000005
v -2.999998 11.999999 11.000004
v -4.999999 11.999999 11.000005
v -5.999999 11.999999 11.000005
v -6.999999 11.999999 11.000005
v -0.999998 11.999999 11.000004
v -0.999998 11.999999 12.000005
v -1.999998 11.999999 11.000004
v -1.999998 11.999999 12.000005
v -2.999998 11.999999 12.000005
v -3.999998 11.999999 12.000006
v -4.999998 11.999999 12.000006
v -5.999998 11.999999 12.000006
v -0.999998 11.999999 13.000005
v -1.999998 11.999999 13.000005
v -2.999998 11.999999 13.000005
v -3.999998 11.999999 13.000006
v -4.999998 11.999999 13.000006
v -0.999998 11.999999 14.000005
v -1.999998 11.999999 14.000005
v -2.999998 11.999999 14.000005
vn -0.0000 -1.0000 -0.0000
vn 1.0000 -0.0000 -0.0000
vn -0.0000 -0.0000 1.0000
vn -1.0000 -0.0000 -0.0000
vn -0.0000 -0.0000 -1.0000
vn -0.0000 1.0000 -0.0000
vt 0.093750 0.968750
s 1
f 1327/7/7 1328/7/7 1329/7/7
f 1329/7/7 1330/7/7 1327/7/7
f 1327/7/8 1331/7/8 1332/7/8
f 1332/7/8 1328/7/8 1327/7/8
f 1333/7/9 1329/7/9 1334/7/9
f 1334/7/9 1335/7/9 1333/7/9
f 1330/7/7 1329/7/7 1333/7/7
f 1333/7/7 1336/7/7 1330/7/7
f 1336/7/10 1333/7/10 1335/7/10
f 1335/7/10 1337/7/10 1336/7/10
f 1338/7/11 1328/7/11 1332/7/11
f 1332/7/11 1339/7/11 1338/7/11
f 1338/7/7 1340/7/7 1341/7/7
f 1341/7/7 1328/7/7 1338/7/7
f 1338/7/8 1339/7/8 1342/7/8
f 1342/7/8 1340/7/8 1338/7/8
f 1328/7/7 1341/7/7 1343/7/7
f 1343/7/7 1329/7/7 1328/7/7
f 1329/7/10 1343/7/10 1344/7/10
f 1344/7/10 1334/7/10 1329/7/10
f 1340/7/7 1345/7/7 1346/7/7
f 1346/7/7 1341/7/7 1340/7/7
f 1340/7/8 1342/7/8 1347/7/8
f 1347/7/8 1345/7/8 1340/7/8
f 1341/7/7 1346/7/7 1348/7/7
f 1348/7/7 1343/7/7 1341/7/7
f 1343/7/10 1348/7/10 1349/7/10
f 1349/7/10 1344/7/10 1343/7/10
f 1345/7/7 1350/7/7 1351/7/7
f 1351/7/7 1346/7/7 1345/7/7
f 1345/7/8 1347/7/8 1352/7/8
f 1352/7/8 1350/7/8 1345/7/8
f 1346/7/7 1351/7/7 1353/7/7
f 1353/7/7 1348/7/7 1346/7/7
f 1348/7/11 1354/7/11 1355/7/11
f 1355/7/11 1349/7/11 1348/7/11
f 1348/7/7 1353/7/7 1356/7/7
f 1356/7/7 1354/7/7 1348/7/7
f 1354/7/10 1356/7/10 1357/7/10
f 1357/7/10 1355/7/10 1354/7/10
f 1358/7/9 1359/7/9 1360/7/9
f 1360/7/9 1361/7/9 1358/7/9
f 1350/7/7 1359/7/7 1358/7/7
f 1358/7/7 1351/7/7 1350/7/7
f 1350/7/8 1352/7/8 1360/7/8
f 1360/7/8 1359/7/8 1350/7/8
f 1351/7/7 1358/7/7 1362/7/7
f 1362/7/7 1353/7/7 1351/7/7
f 1353/7/7 1362/7/7 1363/7/7
f 1363/7/7 1356/7/7 1353/7/7
f 1356/7/11 1364/7/11 1365/7/11
f 1365/7/11 1357/7/11 1356/7/11
f 1356/7/7 1363/7/7 1366/7/7
f 1366/7/7 1364/7/7 1356/7/7
f 1364/7/10 1366/7/10 1367/7/10
f 1367/7/10 1365/7/10 1364/7/10
f 1368/7/9 1369/7/9 1370/7/9
f 1370/7/9 1371/7/9 1368/7/9
f 1358/7/7 1369/7/7 1368/7/7
f 1368/7/7 1362/7/7 1358/7/7
f 1358/7/8 1361/7/8 1370/7/8
f 1370/7/8 1369/7/8 1358/7/8
f 1362/7/7 1368/7/7 1372/7/7
f 1372/7/7 1363/7/7 1362/7/7
f 1363/7/7 1372/7/7 1373/7/7
f 1373/7/7 1366/7/7 1363/7/7
f 1366/7/11 1374/7/11 1375/7/11
f 1375/7/11 1367/7/11 1366/7/11
f 1366/7/7 1373/7/7 1376/7/7
f 1376/7/7 1374/7/7 1366/7/7
f 1374/7/11 1377/7/11 1378/7/11
f 1378/7/11 1375/7/11 1374/7/11
f 1374/7/7 1376/7/7 1379/7/7
f 1379/7/7 1377/7/7 1374/7/7
f 1377/7/11 1380/7/11 1381/7/11
f 1381/7/11 1378/7/11 1377/7/11
f 1377/7/7 1379/7/7 1382/7/7
f 1382/7/7 1380/7/7 1377/7/7
f 1383/7/9 1384/7/9 1385/7/9
f 1385/7/9 1386/7/9 1383/7/9
f 1368/7/7 1384/7/7 1383/7/7
f 1383/7/7 1372/7/7 1368/7/7
f 1368/7/8 1371/7/8 1385/7/8
f 1385/7/8 1384/7/8 1368/7/8
f 1387/7/9 1383/7/9 1386/7/9
f 1386/7/9 1388/7/9 1387/7/9
f 1372/7/7 1383/7/7 1387/7/7
f 1387/7/7 1373/7/7 1372/7/7
f 1373/7/7 1387/7/7 1389/7/7
f 1389/7/7 1376/7/7 1373/7/7
f 1376/7/7 1389/7/7 1390/7/7
f 1390/7/7 1379/7/7 1376/7/7
f 1379/7/7 1390/7/7 1391/7/7
f 1391/7/7 1382/7/7 1379/7/7
f 1392/7/9 1393/7/9 1394/7/9
f 1394/7/9 1395/7/9 1392/7/9
f 1387/7/7 1393/7/7 1392/7/7
f 1392/7/7 1389/7/7 1387/7/7
f 1387/7/8 1388/7/8 1394/7/8
f 1394/7/8 1393/7/8 1387/7/8
f 1396/7/9 1392/7/9 1395/7/9
f 1395/7/9 1397/7/9 1396/7/9
f 1389/7/7 1392/7/7 1396/7/7
f 1396/7/7 1390/7/7 1389/7/7
f 1398/7/9 1396/7/9 1397/7/9
f 1397/7/9 1399/7/9 1398/7/9
f 1390/7/7 1396/7/7 1398/7/7
f 1398/7/7 1391/7/7 1390/7/7
f 1331/7/8 1400/7/8 1401/7/8
f 1401/7/8 1332/7/8 1331/7/8
f 1335/7/9 1334/7/9 1402/7/9
f 1402/7/9 1403/7/9 1335/7/9
f 1337/7/10 1335/7/10 1403/7/10
f 1403/7/10 1404/7/10 1337/7/10
f 1339/7/11 1332/7/11 1401/7/11
f 1401/7/11 1405/7/11 1339/7/11
f 1339/7/8 1405/7/8 1406/7/8
f 1406/7/8 1342/7/8 1339/7/8
f 1334/7/10 1344/7/10 1407/7/10
f 1407/7/10 1402/7/10 1334/7/10
f 1342/7/8 1406/7/8 1408/7/8
f 1408/7/8 1347/7/8 1342/7/8
f 1344/7/10 1349/7/10 1409/7/10
f 1409/7/10 1407/7/10 1344/7/10
f 1347/7/8 1408/7/8 1410/7/8
f 1410/7/8 1352/7/8 1347/7/8
f 1349/7/11 1355/7/11 1411/7/11
f 1411/7/11 1409/7/11 1349/7/11
f 1355/7/10 1357/7/10 1412/7/10
f 1412/7/10 1411/7/10 1355/7/10
f 1361/7/9 1360/7/9 1413/7/9
f 1413/7/9 1414/7/9 1361/7/9
f 1352/7/8 1410/7/8 1413/7/8
f 1413/7/8 1360/7/8 1352/7/8
f 1357/7/11 1365/7/11 1415/7/11
f 1415/7/11 1412/7/11 1357/7/11
f 1365/7/10 1367/7/10 1416/7/10
f 1416/7/10 1415/7/10 1365/7/10
f 1371/7/9 1370/7/9 1417/7/9
f 1417/7/9 1418/7/9 1371/7/9
f 1361/7/8 1414/7/8 1417/7/8
f 1417/7/8 1370/7/8 1361/7/8
f 1367/7/11 1375/7/11 1419/7/11
f 1419/7/11 1416/7/11 1367/7/11
f 1375/7/11 1378/7/11 1420/7/11
f 1420/7/11 1419/7/11 1375/7/11
f 1378/7/11 1381/7/11 1421/7/11
f 1421/7/11 1420/7/11 1378/7/11
f 1386/7/9 1385/7/9 1422/7/9
f 1422/7/9 1423/7/9 1386/7/9
f 1371/7/8 1418/7/8 1422/7/8
f 1422/7/8 1385/7/8 1371/7/8
f 1388/7/9 1386/7/9 1423/7/9
f 1423/7/9 1424/7/9 1388/7/9
f 1395/7/9 1394/7/9 1425/7/9
f 1425/7/9 1426/7/9 1395/7/9
f 1388/7/8 1424/7/8 1425/7/8
f 1425/7/8 1394/7/8 1388/7/8
f 1397/7/9 1395/7/9 1426/7/9
f 1426/7/9 1427/7/9 1397/7/9
f 1399/7/9 1397/7/9 1427/7/9
f 1427/7/9 1428/7/9 1399/7/9
f 1400/7/8 1429/7/8 1430/7/8
f 1430/7/8 1401/7/8 1400/7/8
f 1403/7/9 1402/7/9 1431/7/9
f 1431/7/9 1432/7/9 1403/7/9
f 1404/7/10 1403/7/10 1432/7/10
f 1432/7/10 1433/7/10 1404/7/10
f 1405/7/11 1401/7/11 1430/7/11
f 1430/7/11 1434/7/11 1405/7/11
f 1405/7/8 1434/7/8 1435/7/8
f 1435/7/8 1406/7/8 1405/7/8
f 1402/7/10 1407/7/10 1436/7/10
f 1436/7/10 1431/7/10 1402/7/10
f 1406/7/8 1435/7/8 1437/7/8
f 1437/7/8 1408/7/8 1406/7/8
f 1407/7/10 1409/7/10 1438/7/10
f 1438/7/10 1436/7/10 1407/7/10
f 1408/7/8 1437/7/8 1439/7/8
f 1439/7/8 1410/7/8 1408/7/8
f 1409/7/11 1411/7/11 1440/7/11
f 1440/7/11 1438/7/11 1409/7/11
f 1411/7/10 1412/7/10 1441/7/10
f 1441/7/10 1440/7/10 1411/7/10
f 1414/7/9 1413/7/9 1442/7/9
f 1442/7/9 1443/7/9 1414/7/9
f 1410/7/8 1439/7/8 1442/7/8
f 1442/7/8 1413/7/8 1410/7/8
f 1412/7/11 1415/7/11 1444/7/11
f 1444/7/11 1441/7/11 1412/7/11
f 1415/7/10 1416/7/10 1445/7/10
f 1445/7/10 1444/7/10 1415/7/10
f 1418/7/9 1417/7/9 1446/7/9
f 1446/7/9 1447/7/9 1418/7/9
f 1414/7/8 1443/7/8 1446/7/8
f 1446/7/8 1417/7/8 1414/7/8
f 1416/7/11 1419/7/11 1448/7/11
f 1448/7/11 1445/7/11 1416/7/11
f 1419/7/11 1420/7/11 1449/7/11
f 1449/7/11 1448/7/11 1419/7/11
f 1420/7/11 1421/7/11 1450/7/11
f 1450/7/11 1449/7/11 1420/7/11
f 1423/7/9 1422/7/9 1451/7/9
f 1451/7/9 1452/7/9 1423/7/9
f 1418/7/8 1447/7/8 1451/7/8
f 1451/7/8 1422/7/8 1418/7/8
f 1424/7/9 1423/7/9 1452/7/9
f 1452/7/9 1453/7/9 1424/7/9
f 1426/7/9 1425/7/9 1454/7/9
f 1454/7/9 1455/7/9 1426/7/9
f 1424/7/8 1453/7/8 1454/7/8
f 1454/7/8 1425/7/8 1424/7/8
f 1427/7/9 1426/7/9 1455/7/9
f 1455/7/9 1456/7/9 1427/7/9
f 1428/7/9 1427/7/9 1456/7/9
f 1456/7/9 1457/7/9 1428/7/9
f 1458/7/12 1459/7/12 1460/7/12
f 1460/7/12 1461/7/12 1458/7/12
f 1429/7/8 1461/7/8 1460/7/8
f 1460/7/8 1430/7/8 1429/7/8
f 1432/7/9 1431/7/9 1459/7/9
f 1459/7/9 1462/7/9 1432/7/9
f 1463/7/12 1462/7/12 1459/7/12
f 1459/7/12 1458/7/12 1463/7/12
f 1433/7/10 1432/7/10 1462/7/10
f 1462/7/10 1463/7/10 1433/7/10
f 1434/7/11 1430/7/11 1460/7/11
f 1460/7/11 1464/7/11 1434/7/11
f 1460/7/12 1465/7/12 1466/7/12
f 1466/7/12 1464/7/12 1460/7/12
f 1434/7/8 1464/7/8 1466/7/8
f 1466/7/8 1435/7/8 1434/7/8
f 1459/7/12 1467/7/12 1465/7/12
f 1465/7/12 1460/7/12 1459/7/12
f 1431/7/10 1436/7/10 1467/7/10
f 1467/7/10 1459/7/10 1431/7/10
f 1465/7/12 1468/7/12 1469/7/12
f 1469/7/12 1466/7/12 1465/7/12
f 1435/7/8 1466/7/8 1469/7/8
f 1469/7/8 1437/7/8 1435/7/8
f 1467/7/12 1470/7/12 1468/7/12
f 1468/7/12 1465/7/12 1467/7/12
f 1436/7/10 1438/7/10 1470/7/10
f 1470/7/10 1467/7/10 1436/7/10
f 1468/7/12 1471/7/12 1472/7/12
f 1472/7/12 1469/7/12 1468/7/12
f 1437/7/8 1469/7/8 1472/7/8
f 1472/7/8 1439/7/8 1437/7/8
f 1470/7/12 1473/7/12 1471/7/12
f 1471/7/12 1468/7/12 1470/7/12
f 1438/7/11 1440/7/11 1474/7/11
f 1474/7/11 1470/7/11 1438/7/11
f 1474/7/12 1475/7/12 1473/7/12
f 1473/7/12 1470/7/12 1474/7/12
f 1440/7/10 1441/7/10 1475/7/10
f 1475/7/10 1474/7/10 1440/7/10
f 1443/7/9 1442/7/9 1476/7/9
f 1476/7/9 1477/7/9 1443/7/9
f 1471/7/12 1477/7/12 1476/7/12
f 1476/7/12 1472/7/12 1471/7/12
f 1439/7/8 1472/7/8 1476/7/8
f 1476/7/8 1442/7/8 1439/7/8
f 1473/7/12 1478/7/12 1477/7/12
f 1477/7/12 1471/7/12 1473/7/12
f 1475/7/12 1479/7/12 1478/7/12
f 1478/7/12 1473/7/12 1475/7/12
f 1441/7/11 1444/7/11 1480/7/11
f 1480/7/11 1475/7/11 1441/7/11
f 1480/7/12 1481/7/12 1479/7/12
f 1479/7/12 1475/7/12 1480/7/12
f 1444/7/10 1445/7/10 1481/7/10
f 1481/7/10 1480/7/10 1444/7/10
f 1447/7/9 1446/7/9 1482/7/9
f 1482/7/9 1483/7/9 1447/7/9
f 1478/7/12 1483/7/12 1482/7/12
f 1482/7/12 1477/7/12 1478/7/12
f 1443/7/8 1477/7/8 1482/7/8
f 1482/7/8 1446/7/8 1443/7/8
f 1479/7/12 1484/7/12 1483/7/12
f 1483/7/12 1478/7/12 1479/7/12
f 1481/7/12 1485/7/12 1484/7/12
f 1484/7/12 1479/7/12 1481/7/12
f 1445/7/11 1448/7/11 1486/7/11
f 1486/7/11 1481/7/11 1445/7/11
f 1486/7/12 1487/7/12 1485/7/12
f 1485/7/12 1481/7/12 1486/7/12
f 1448/7/11 1449/7/11 1488/7/11
f 1488/7/11 1486/7/11 1448/7/11
f 1488/7/12 1489/7/12 1487/7/12
f 1487/7/12 1486/7/12 1488/7/12
f 1449/7/11 1450/7/11 1490/7/11
f 1490/7/11 1488/7/11 1449/7/11
f 1490/7/12 1491/7/12 1489/7/12
f 1489/7/12 1488/7/12 1490/7/12
f 1452/7/9 1451/7/9 1492/7/9
f 1492/7/9 1493/7/9 1452/7/9
f 1484/7/12 1493/7/12 1492/7/12
f 1492/7/12 1483/7/12 1484/7/12
f 1447/7/8 1483/7/8 1492/7/8
f 1492/7/8 1451/7/8 1447/7/8
f 1453/7/9 1452/7/9 1493/7/9
f 1493/7/9 1494/7/9 1453/7/9
f 1485/7/12 1494/7/12 1493/7/12
f 1493/7/12 1484/7/12 1485/7/12
f 1487/7/12 1495/7/12 1494/7/12
f 1494/7/12 1485/7/12 1487/7/12
f 1489/7/12 1496/7/12 1495/7/12
f 1495/7/12 1487/7/12 1489/7/12
f 1491/7/12 1497/7/12 1496/7/12
f 1496/7/12 1489/7/12 1491/7/12
f 1455/7/9 1454/7/9 1498/7/9
f 1498/7/9 1499/7/9 1455/7/9
f 1495/7/12 1499/7/12 1498/7/12
f 1498/7/12 1494/7/12 1495/7/12
f 1453/7/8 1494/7/8 1498/7/8
f 1498/7/8 1454/7/8 1453/7/8
f 1456/7/9 1455/7/9 1499/7/9
f 1499/7/9 1500/7/9 1456/7/9
f 1496/7/12 1500/7/12 1499/7/12
f 1499/7/12 1495/7/12 1496/7/12
f 1457/7/9 1456/7/9 1500/7/9
f 1500/7/9 1501/7/9 1457/7/9
f 1497/7/12 1501/7/12 1500/7/12
f 1500/7/12 1496/7/12 1497/7/12
f 1502/7/9 1503/7/9 1504/7/9
f 1504/7/9 1505/7/9 1502/7/9
f 1506/7/7 1503/7/7 1502/7/7
f 1502/7/7 1507/7/7 1506/7/7
f 1506/7/8 1508/7/8 1504/7/8
f 1504/7/8 1503/7/8 1506/7/8
f 1507/7/7 1502/7/7 1509/7/7
f 1509/7/7 1510/7/7 1507/7/7
f 1510/7/10 1509/7/10 1511/7/10
f 1511/7/10 1512/7/10 1510/7/10
f 1502/7/7 1513/7/7 1514/7/7
f 1514/7/7 1509/7/7 1502/7/7
f 1502/7/8 1505/7/8 1515/7/8
f 1515/7/8 1513/7/8 1502/7/8
f 1509/7/11 1516/7/11 1517/7/11
f 1517/7/11 1511/7/11 1509/7/11
f 1509/7/7 1514/7/7 1518/7/7
f 1518/7/7 1516/7/7 1509/7/7
f 1516/7/10 1518/7/10 1519/7/10
f 1519/7/10 1517/7/10 1516/7/10
f 1513/7/7 1520/7/7 1521/7/7
f 1521/7/7 1514/7/7 1513/7/7
f 1513/7/8 1515/7/8 1522/7/8
f 1522/7/8 1520/7/8 1513/7/8
f 1514/7/7 1521/7/7 1523/7/7
f 1523/7/7 1518/7/7 1514/7/7
f 1518/7/10 1523/7/10 1524/7/10
f 1524/7/10 1519/7/10 1518/7/10
f 1525/7/11 1520/7/11 1522/7/11
f 1522/7/11 1526/7/11 1525/7/11
f 1525/7/7 1527/7/7 1528/7/7
f 1528/7/7 1520/7/7 1525/7/7
f 1525/7/8 1526/7/8 1529/7/8
f 1529/7/8 1527/7/8 1525/7/8
f 1520/7/7 1528/7/7 1530/7/7
f 1530/7/7 1521/7/7 1520/7/7
f 1521/7/7 1530/7/7 1531/7/7
f 1531/7/7 1523/7/7 1521/7/7
f 1523/7/10 1531/7/10 1532/7/10
f 1532/7/10 1524/7/10 1523/7/10
f 1533/7/11 1527/7/11 1529/7/11
f 1529/7/11 1534/7/11 1533/7/11
f 1533/7/7 1535/7/7 1536/7/7
f 1536/7/7 1527/7/7 1533/7/7
f 1533/7/8 1534/7/8 1537/7/8
f 1537/7/8 1535/7/8 1533/7/8
f 1527/7/7 1536/7/7 1538/7/7
f 1538/7/7 1528/7/7 1527/7/7
f 1528/7/7 1538/7/7 1539/7/7
f 1539/7/7 1530/7/7 1528/7/7
f 1540/7/9 1539/7/9 1541/7/9
f 1541/7/9 1542/7/9 1540/7/9
f 1530/7/7 1539/7/7 1540/7/7
f 1540/7/7 1531/7/7 1530/7/7
f 1531/7/10 1540/7/10 1542/7/10
f 1542/7/10 1532/7/10 1531/7/10
f 1380/7/11 1543/7/11 1544/7/11
f 1544/7/11 1381/7/11 1380/7/11
f 1380/7/7 1382/7/7 1545/7/7
f 1545/7/7 1543/7/7 1380/7/7
f 1543/7/11 1546/7/11 1547/7/11
f 1547/7/11 1544/7/11 1543/7/11
f 1543/7/7 1545/7/7 1548/7/7
f 1548/7/7 1546/7/7 1543/7/7
f 1546/7/11 1535/7/11 1537/7/11
f 1537/7/11 1547/7/11 1546/7/11
f 1546/7/7 1548/7/7 1549/7/7
f 1549/7/7 1535/7/7 1546/7/7
f 1535/7/7 1549/7/7 1550/7/7
f 1550/7/7 1536/7/7 1535/7/7
f 1536/7/7 1550/7/7 1551/7/7
f 1551/7/7 1538/7/7 1536/7/7
f 1552/7/9 1551/7/9 1553/7/9
f 1553/7/9 1554/7/9 1552/7/9
f 1538/7/7 1551/7/7 1552/7/7
f 1552/7/7 1539/7/7 1538/7/7
f 1539/7/10 1552/7/10 1554/7/10
f 1554/7/10 1541/7/10 1539/7/10
f 1382/7/7 1391/7/7 1555/7/7
f 1555/7/7 1545/7/7 1382/7/7
f 1545/7/7 1555/7/7 1556/7/7
f 1556/7/7 1548/7/7 1545/7/7
f 1548/7/7 1556/7/7 1557/7/7
f 1557/7/7 1549/7/7 1548/7/7
f 1558/7/9 1557/7/9 1559/7/9
f 1559/7/9 1560/7/9 1558/7/9
f 1549/7/7 1557/7/7 1558/7/7
f 1558/7/7 1550/7/7 1549/7/7
f 1561/7/9 1558/7/9 1560/7/9
f 1560/7/9 1562/7/9 1561/7/9
f 1550/7/7 1558/7/7 1561/7/7
f 1561/7/7 1551/7/7 1550/7/7
f 1551/7/10 1561/7/10 1562/7/10
f 1562/7/10 1553/7/10 1551/7/10
f 1563/7/9 1398/7/9 1399/7/9
f 1399/7/9 1564/7/9 1563/7/9
f 1391/7/7 1398/7/7 1563/7/7
f 1563/7/7 1555/7/7 1391/7/7
f 1565/7/9 1563/7/9 1564/7/9
f 1564/7/9 1566/7/9 1565/7/9
f 1555/7/7 1563/7/7 1565/7/7
f 1565/7/7 1556/7/7 1555/7/7
f 1567/7/9 1565/7/9 1566/7/9
f 1566/7/9 1568/7/9 1567/7/9
f 1556/7/7 1565/7/7 1567/7/7
f 1567/7/7 1557/7/7 1556/7/7
f 1557/7/10 1567/7/10 1568/7/10
f 1568/7/10 1559/7/10 1557/7/10
f 1505/7/9 1504/7/9 1569/7/9
f 1569/7/9 1570/7/9 1505/7/9
f 1508/7/8 1571/7/8 1569/7/8
f 1569/7/8 1504/7/8 1508/7/8
f 1512/7/10 1511/7/10 1572/7/10
f 1572/7/10 1573/7/10 1512/7/10
f 1505/7/8 1570/7/8 1574/7/8
f 1574/7/8 1515/7/8 1505/7/8
f 1511/7/11 1517/7/11 1575/7/11
f 1575/7/11 1572/7/11 1511/7/11
f 1517/7/10 1519/7/10 1576/7/10
f 1576/7/10 1575/7/10 1517/7/10
f 1515/7/8 1574/7/8 1577/7/8
f 1577/7/8 1522/7/8 1515/7/8
f 1519/7/10 1524/7/10 1578/7/10
f 1578/7/10 1576/7/10 1519/7/10
f 1526/7/11 1522/7/11 1577/7/11
f 1577/7/11 1579/7/11 1526/7/11
f 1526/7/8 1579/7/8 1580/7/8
f 1580/7/8 1529/7/8 1526/7/8
f 1524/7/10 1532/7/10 1581/7/10
f 1581/7/10 1578/7/10 1524/7/10
f 1534/7/11 1529/7/11 1580/7/11
f 1580/7/11 1582/7/11 1534/7/11
f 1534/7/8 1582/7/8 1583/7/8
f 1583/7/8 1537/7/8 1534/7/8
f 1542/7/9 1541/7/9 1584/7/9
f 1584/7/9 1585/7/9 1542/7/9
f 1532/7/10 1542/7/10 1585/7/10
f 1585/7/10 1581/7/10 1532/7/10
f 1381/7/11 1544/7/11 1586/7/11
f 1586/7/11 1421/7/11 1381/7/11
f 1544/7/11 1547/7/11 1587/7/11
f 1587/7/11 1586/7/11 1544/7/11
f 1547/7/11 1537/7/11 1583/7/11
f 1583/7/11 1587/7/11 1547/7/11
f 1554/7/9 1553/7/9 1588/7/9
f 1588/7/9 1589/7/9 1554/7/9
f 1541/7/10 1554/7/10 1589/7/10
f 1589/7/10 1584/7/10 1541/7/10
f 1560/7/9 1559/7/9 1590/7/9
f 1590/7/9 1591/7/9 1560/7/9
f 1562/7/9 1560/7/9 1591/7/9
f 1591/7/9 1592/7/9 1562/7/9
f 1553/7/10 1562/7/10 1592/7/10
f 1592/7/10 1588/7/10 1553/7/10
f 1564/7/9 1399/7/9 1428/7/9
f 1428/7/9 1593/7/9 1564/7/9
f 1566/7/9 1564/7/9 1593/7/9
f 1593/7/9 1594/7/9 1566/7/9
f 1568/7/9 1566/7/9 1594/7/9
f 1594/7/9 1595/7/9 1568/7/9
f 1559/7/10 1568/7/10 1595/7/10
f 1595/7/10 1590/7/10 1559/7/10
f 1570/7/9 1569/7/9 1596/7/9
f 1596/7/9 1597/7/9 1570/7/9
f 1571/7/8 1598/7/8 1596/7/8
f 1596/7/8 1569/7/8 1571/7/8
f 1573/7/10 1572/7/10 1599/7/10
f 1599/7/10 1600/7/10 1573/7/10
f 1570/7/8 1597/7/8 1601/7/8
f 1601/7/8 1574/7/8 1570/7/8
f 1572/7/11 1575/7/11 1602/7/11
f 1602/7/11 1599/7/11 1572/7/11
f 1575/7/10 1576/7/10 1603/7/10
f 1603/7/10 1602/7/10 1575/7/10
f 1574/7/8 1601/7/8 1604/7/8
f 1604/7/8 1577/7/8 1574/7/8
f 1576/7/10 1578/7/10 1605/7/10
f 1605/7/10 1603/7/10 1576/7/10
f 1579/7/11 1577/7/11 1604/7/11
f 1604/7/11 1606/7/11 1579/7/11
f 1579/7/8 1606/7/8 1607/7/8
f 1607/7/8 1580/7/8 1579/7/8
f 1578/7/10 1581/7/10 1608/7/10
f 1608/7/10 1605/7/10 1578/7/10
f 1582/7/11 1580/7/11 1607/7/11
f 1607/7/11 1609/7/11 1582/7/11
f 1582/7/8 1609/7/8 1610/7/8
f 1610/7/8 1583/7/8 1582/7/8
f 1585/7/9 1584/7/9 1611/7/9
f 1611/7/9 1612/7/9 1585/7/9
f 1581/7/10 1585/7/10 1612/7/10
f 1612/7/10 1608/7/10 1581/7/10
f 1421/7/11 1586/7/11 1613/7/11
f 1613/7/11 1450/7/11 1421/7/11
f 1586/7/11 1587/7/11 1614/7/11
f 1614/7/11 1613/7/11 1586/7/11
f 1587/7/11 1583/7/11 1610/7/11
f 1610/7/11 1614/7/11 1587/7/11
f 1589/7/9 1588/7/9 1615/7/9
f 1615/7/9 1616/7/9 1589/7/9
f 1584/7/10 1589/7/10 1616/7/10
f 1616/7/10 1611/7/10 1584/7/10
f 1591/7/9 1590/7/9 1617/7/9
f 1617/7/9 1618/7/9 1591/7/9
f 1592/7/9 1591/7/9 1618/7/9
f 1618/7/9 1619/7/9 1592/7/9
f 1588/7/10 1592/7/10 1619/7/10
f 1619/7/10 1615/7/10 1588/7/10
f 1593/7/9 1428/7/9 1457/7/9
f 1457/7/9 1620/7/9 1593/7/9
f 1594/7/9 1593/7/9 1620/7/9
f 1620/7/9 1621/7/9 1594/7/9
f 1595/7/9 1594/7/9 1621/7/9
f 1621/7/9 1622/7/9 1595/7/9
f 1590/7/10 1595/7/10 1622/7/10
f 1622/7/10 1617/7/10 1590/7/10
f 1597/7/9 1596/7/9 1623/7/9
f 1623/7/9 1624/7/9 1597/7/9
f 1625/7/12 1624/7/12 1623/7/12
f 1623/7/12 1626/7/12 1625/7/12
f 1598/7/8 1626/7/8 1623/7/8
f 1623/7/8 1596/7/8 1598/7/8
f 1627/7/12 1628/7/12 1624/7/12
f 1624/7/12 1625/7/12 1627/7/12
f 1600/7/10 1599/7/10 1628/7/10
f 1628/7/10 1627/7/10 1600/7/10
f 1628/7/12 1629/7/12 1630/7/12
f 1630/7/12 1624/7/12 1628/7/12
f 1597/7/8 1624/7/8 1630/7/8
f 1630/7/8 1601/7/8 1597/7/8
f 1599/7/11 1602/7/11 1631/7/11
f 1631/7/11 1628/7/11 1599/7/11
f 1631/7/12 1632/7/12 1629/7/12
f 1629/7/12 1628/7/12 1631/7/12
f 1602/7/10 1603/7/10 1632/7/10
f 1632/7/10 1631/7/10 1602/7/10
f 1629/7/12 1633/7/12 1634/7/12
f 1634/7/12 1630/7/12 1629/7/12
f 1601/7/8 1630/7/8 1634/7/8
f 1634/7/8 1604/7/8 1601/7/8
f 1632/7/12 1635/7/12 1633/7/12
f 1633/7/12 1629/7/12 1632/7/12
f 1603/7/10 1605/7/10 1635/7/10
f 1635/7/10 1632/7/10 1603/7/10
f 1606/7/11 1604/7/11 1634/7/11
f 1634/7/11 1636/7/11 1606/7/11
f 1634/7/12 1637/7/12 1638/7/12
f 1638/7/12 1636/7/12 1634/7/12
f 1606/7/8 1636/7/8 1638/7/8
f 1638/7/8 1607/7/8 1606/7/8
f 1633/7/12 1639/7/12 1637/7/12
f 1637/7/12 1634/7/12 1633/7/12
f 1635/7/12 1640/7/12 1639/7/12
f 1639/7/12 1633/7/12 1635/7/12
f 1605/7/10 1608/7/10 1640/7/10
f 1640/7/10 1635/7/10 1605/7/10
f 1609/7/11 1607/7/11 1638/7/11
f 1638/7/11 1641/7/11 1609/7/11
f 1638/7/12 1642/7/12 1643/7/12
f 1643/7/12 1641/7/12 1638/7/12
f 1609/7/8 1641/7/8 1643/7/8
f 1643/7/8 1610/7/8 1609/7/8
f 1637/7/12 1644/7/12 1642/7/12
f 1642/7/12 1638/7/12 1637/7/12
f 1639/7/12 1645/7/12 1644/7/12
f 1644/7/12 1637/7/12 1639/7/12
f 1612/7/9 1611/7/9 1645/7/9
f 1645/7/9 1646/7/9 1612/7/9
f 1640/7/12 1646/7/12 1645/7/12
f 1645/7/12 1639/7/12 1640/7/12
f 1608/7/10 1612/7/10 1646/7/10
f 1646/7/10 1640/7/10 1608/7/10
f 1450/7/11 1613/7/11 1647/7/11
f 1647/7/11 1490/7/11 1450/7/11
f 1647/7/12 1648/7/12 1491/7/12
f 1491/7/12 1490/7/12 1647/7/12
f 1613/7/11 1614/7/11 1649/7/11
f 1649/7/11 1647/7/11 1613/7/11
f 1649/7/12 1650/7/12 1648/7/12
f 1648/7/12 1647/7/12 1649/7/12
f 1614/7/11 1610/7/11 1643/7/11
f 1643/7/11 1649/7/11 1614/7/11
f 1643/7/12 1651/7/12 1650/7/12
f 1650/7/12 1649/7/12 1643/7/12
f 1642/7/12 1652/7/12 1651/7/12
f 1651/7/12 1643/7/12 1642/7/12
f 1644/7/12 1653/7/12 1652/7/12
f 1652/7/12 1642/7/12 1644/7/12
f 1616/7/9 1615/7/9 1653/7/9
f 1653/7/9 1654/7/9 1616/7/9
f 1645/7/12 1654/7/12 1653/7/12
f 1653/7/12 1644/7/12 1645/7/12
f 1611/7/10 1616/7/10 1654/7/10
f 1654/7/10 1645/7/10 1611/7/10
f 1648/7/12 1655/7/12 1497/7/12
f 1497/7/12 1491/7/12 1648/7/12
f 1650/7/12 1656/7/12 1655/7/12
f 1655/7/12 1648/7/12 1650/7/12
f 1651/7/12 1657/7/12 1656/7/12
f 1656/7/12 1650/7/12 1651/7/12
f 1618/7/9 1617/7/9 1657/7/9
f 1657/7/9 1658/7/9 1618/7/9
f 1652/7/12 1658/7/12 1657/7/12
f 1657/7/12 1651/7/12 1652/7/12
f 1619/7/9 1618/7/9 1658/7/9
f 1658/7/9 1659/7/9 1619/7/9
f 1653/7/12 1659/7/12 1658/7/12
f 1658/7/12 1652/7/12 1653/7/12
f 1615/7/10 1619/7/10 1659/7/10
f 1659/7/10 1653/7/10 1615/7/10
f 1620/7/9 1457/7/9 1501/7/9
f 1501/7/9 1660/7/9 1620/7/9
f 1655/7/12 1660/7/12 1501/7/12
f 1501/7/12 1497/7/12 1655/7/12
f 1621/7/9 1620/7/9 1660/7/9
f 1660/7/9 1661/7/9 1621/7/9
f 1656/7/12 1661/7/12 1660/7/12
f 1660/7/12 1655/7/12 1656/7/12
f 1622/7/9 1621/7/9 1661/7/9
f 1661/7/9 1662/7/9 1622/7/9
f 1657/7/12 1662/7/12 1661/7/12
f 1661/7/12 1656/7/12 1657/7/12
f 1617/7/10 1622/7/10 1662/7/10
f 1662/7/10 1657/7/10 1617/7/10
